"id","name","aliases","type","typeLabel","country","city","lat","lng","originPrecision","firstSeen","scope","tags","knownFor","attribution","attributionConfidence","reviewStatus","lastReviewed","sourceLabel","sourceUrl"
"8220-gang","8220 Gang","","crypto-crime","Crypto Crime","China","Beijing","39.9042","116.4074","Country-level attribution pinned to capital","2017","Global","cryptomining; financial theft","Targeting cryptocurrency platforms and mining infrastructure for financial gain.","ETDA Threat Actor Encyclopedia attributes 8220 Gang to China; country-level geo used for map pin.","unrated","needs-review","","ETDA Threat Actor Encyclopedia",""
"achilles","Achilles","","state-linked-theft","State-linked Theft","Unknown","","","","No confirmed attribution","2018","Global","espionage; targeted intrusion; phishing","Conducting state-sponsored intrusion and espionage campaigns attributed to Unknown.","No confirmed national attribution published; classified as unknown origin pending further research.","unrated","needs-review","","ETDA Threat Actor Encyclopedia",""
"aeroblade","AeroBlade","","state-linked-theft","State-linked Theft","Unknown","","","","No confirmed attribution","2022","Global","espionage; targeted intrusion; phishing","Conducting state-sponsored intrusion and espionage campaigns attributed to Unknown.","No confirmed national attribution published; classified as unknown origin pending further research.","unrated","needs-review","","ETDA Threat Actor Encyclopedia",""
"aggah","Aggah","","state-linked-theft","State-linked Theft","Unknown","","","","No confirmed attribution","2018","Global","espionage; targeted intrusion; phishing","Conducting state-sponsored intrusion and espionage campaigns attributed to Unknown.","No confirmed national attribution published; classified as unknown origin pending further research.","unrated","needs-review","","ETDA Threat Actor Encyclopedia",""
"agrius","Agrius","","state-linked-theft","State-linked Theft","Iran","Tehran","35.6892","51.389","Country-level attribution pinned to capital","2020","Global","espionage; targeted intrusion; phishing","Conducting state-sponsored intrusion and espionage campaigns attributed to Iran.","ETDA Threat Actor Encyclopedia attributes Agrius to Iran; country-level geo used for map pin.","unrated","needs-review","","ETDA Threat Actor Encyclopedia",""
"allanite","Allanite","","state-linked-theft","State-linked Theft","Unknown","","","","No confirmed attribution","2017","Global","espionage; targeted intrusion; phishing","Conducting state-sponsored intrusion and espionage campaigns attributed to Unknown.","No confirmed national attribution published; classified as unknown origin pending further research.","unrated","needs-review","","ETDA Threat Actor Encyclopedia",""
"alphv","ALPHV","BlackCat Gang","ransomware","Ransomware","Unknown","","","","No confirmed attribution","2021","Global","ransomware; double extortion; RaaS","Operating ransomware campaigns and extortion operations against enterprise and critical-sector victims.","No confirmed national attribution published; classified as unknown origin pending further research.","unrated","needs-review","","ETDA Threat Actor Encyclopedia",""
"altdos","ALTDOS","Desorden","hacktivist","Hacktivist","Singapore","Singapore","1.3521","103.8198","City-level attribution from public reporting","2020","Global","hacktivism; disruption; defacement","Carrying out politically motivated disruptions, defacements, and data leak operations.","ETDA Threat Actor Encyclopedia attributes ALTDOS to Singapore; country-level geo used for map pin.","unrated","needs-review","","ETDA Threat Actor Encyclopedia",""
"anchor-panda","Anchor Panda","APT 14","state-linked-theft","State-linked Theft","China","Beijing","39.9042","116.4074","Country-level attribution pinned to capital","2012","Global","espionage; targeted intrusion; phishing","Conducting state-sponsored intrusion and espionage campaigns attributed to China.","ETDA Threat Actor Encyclopedia attributes Anchor Panda to China; country-level geo used for map pin.","unrated","needs-review","","ETDA Threat Actor Encyclopedia",""
"andariel","Andariel","Silent Chollima; PLUTONIUM; Onyx Sleet","state-linked-theft","State-linked Theft","North Korea","Pyongyang","39.0392","125.7625","Country-level attribution pinned to capital","2009","Global","bank theft; crypto theft; subgroup","Conducting destructive and espionage-linked intrusions while also carrying out financially motivated attacks against ATMs, banks, and cryptocurrency organizations.","MITRE ATT&CK tracks Andariel as a North Korean state-sponsored subgroup of Lazarus that has also conducted cyber financial operations.","unrated","needs-review","","MITRE ATT&CK, updated Sep 2024",""
"andromeda-spider","Andromeda Spider","","state-linked-theft","State-linked Theft","Belarus","Minsk","53.9045","27.5615","Country-level attribution pinned to capital","2011","Regional","espionage; targeted intrusion; phishing","Conducting state-sponsored intrusion and espionage campaigns attributed to Belarus.","ETDA Threat Actor Encyclopedia attributes Andromeda Spider to Belarus; country-level geo used for map pin.","unrated","needs-review","","ETDA Threat Actor Encyclopedia",""
"angry-likho","Angry Likho","","state-linked-theft","State-linked Theft","Unknown","","","","No confirmed attribution","2023","Global","espionage; targeted intrusion; phishing","Conducting state-sponsored intrusion and espionage campaigns attributed to Unknown.","No confirmed national attribution published; classified as unknown origin pending further research.","unrated","needs-review","","ETDA Threat Actor Encyclopedia",""
"anonymous","Anonymous","Anons","hacktivist","Hacktivist","No fixed origin","Decentralized","","","No fixed origin / decentralized collective","2003","Global","decentralized; hacktivism; leaderless collective","Coordinating high-profile hacktivist actions, website disruptions, leaks, and symbolic cyber campaigns against governments, companies, and institutions around the world.","Public reporting consistently describes Anonymous as a decentralized international hacktivist collective with no fixed hierarchy or stable geographic origin.","unrated","needs-review","","Harvard Cybersecurity Wiki / Britannica",""
"anonymous-sudan","Anonymous Sudan","Storm-1359","hacktivist","Hacktivist","Sudan","Khartoum","15.5007","32.5599","Country-level attribution pinned to capital","2023","Global","DDoS; pro-Sudanese; Killnet-linked; hacktivism","Launching high-volume DDoS campaigns against Microsoft, Scandinavian Airlines, U.S. hospitals, and dozens of government and commercial targets worldwide while claiming Sudanese nationalist motivations.","Claimed to be a Sudanese hacktivist group; multiple security firms assess the group has links to Russian hacktivist ecosystem actors including Killnet, though Sudanese origin is not fully ruled out. Two Sudanese nationals were indicted by the U.S. DOJ in 2024.","unrated","needs-review","","DOJ, Oct 2024 / Business Insider Africa / Microsoft",""
"antisec","AntiSec","Operation AntiSec","hacktivist","Hacktivist","No fixed origin","Decentralized","","","No fixed origin / decentralized collective","2011","Global","decentralized; hacktivism; movement","Coordinating anti-security and anti-surveillance themed hacking campaigns, leaks, and defacements under a broader Anonymous- and LulzSec-linked banner.","Public reporting and the movement’s own statements describe AntiSec as a loose collaborative operation associated with Anonymous and LulzSec rather than a single geographically rooted organization.","unrated","needs-review","","Wired / public reporting",""
"antlion","Antlion","","state-linked-theft","State-linked Theft","China","Beijing","39.9042","116.4074","Country-level attribution pinned to capital","2011","Global","espionage; targeted intrusion; phishing","Conducting state-sponsored intrusion and espionage campaigns attributed to China.","ETDA Threat Actor Encyclopedia attributes Antlion to China; country-level geo used for map pin.","unrated","needs-review","","ETDA Threat Actor Encyclopedia",""
"aoqin-dragon","Aoqin Dragon","","state-linked-theft","State-linked Theft","China","Beijing","39.9042","116.4074","Country-level attribution pinned to capital","2013","Global","espionage; targeted intrusion; phishing","Conducting state-sponsored intrusion and espionage campaigns attributed to China.","ETDA Threat Actor Encyclopedia attributes Aoqin Dragon to China; country-level geo used for map pin.","unrated","needs-review","","ETDA Threat Actor Encyclopedia",""
"applejeus","AppleJeus","","crypto-crime","Crypto Crime","North Korea","Pyongyang","39.0392","125.7625","Country-level attribution pinned to capital","2018","Global","trojanized apps; crypto theft; fake trading software","Posing as legitimate cryptocurrency tools and trading platforms to infect victims and facilitate theft tied to North Korean cyber operations.","CISA, FBI, and Treasury describe AppleJeus as North Korean malicious cyber activity used to facilitate cryptocurrency theft; the atlas maps that activity to North Korea at country level.","unrated","needs-review","","CISA / FBI / Treasury, Feb 2021",""
"apt-12","APT 12","Numbered Panda","state-linked-theft","State-linked Theft","China","Beijing","39.9042","116.4074","Country-level attribution pinned to capital","2009","Global","espionage; targeted intrusion; phishing","Conducting state-sponsored intrusion and espionage campaigns attributed to China.","ETDA Threat Actor Encyclopedia attributes APT 12 to China; country-level geo used for map pin.","unrated","needs-review","","ETDA Threat Actor Encyclopedia",""
"apt-16","APT 16","SVCMONDR","state-linked-theft","State-linked Theft","China","Beijing","39.9042","116.4074","Country-level attribution pinned to capital","2015","Global","espionage; targeted intrusion; phishing","Conducting state-sponsored intrusion and espionage campaigns attributed to China.","ETDA Threat Actor Encyclopedia attributes APT 16 to China; country-level geo used for map pin.","unrated","needs-review","","ETDA Threat Actor Encyclopedia",""
"apt-17","APT 17","Deputy Dog; Elderwood; Sneaky Panda","state-linked-theft","State-linked Theft","China","Beijing","39.9042","116.4074","Country-level attribution pinned to capital","2009","Global","espionage; targeted intrusion; phishing","Conducting state-sponsored intrusion and espionage campaigns attributed to China.","ETDA Threat Actor Encyclopedia attributes APT 17 to China; country-level geo used for map pin.","unrated","needs-review","","ETDA Threat Actor Encyclopedia",""
"apt-18","APT 18","Dynamite Panda; Wekby","state-linked-theft","State-linked Theft","China","Beijing","39.9042","116.4074","Country-level attribution pinned to capital","2009","Global","espionage; targeted intrusion; phishing","Conducting state-sponsored intrusion and espionage campaigns attributed to China.","ETDA Threat Actor Encyclopedia attributes APT 18 to China; country-level geo used for map pin.","unrated","needs-review","","ETDA Threat Actor Encyclopedia",""
"apt-19","APT 19","Deep Panda; C0d0so0","state-linked-theft","State-linked Theft","China","Beijing","39.9042","116.4074","Country-level attribution pinned to capital","2013","Global","espionage; targeted intrusion; phishing","Conducting state-sponsored intrusion and espionage campaigns attributed to China.","ETDA Threat Actor Encyclopedia attributes APT 19 to China; country-level geo used for map pin.","unrated","needs-review","","ETDA Threat Actor Encyclopedia",""
"apt-20","APT 20","Violin Panda","state-linked-theft","State-linked Theft","China","Beijing","39.9042","116.4074","Country-level attribution pinned to capital","2014","Global","espionage; targeted intrusion; phishing","Conducting state-sponsored intrusion and espionage campaigns attributed to China.","ETDA Threat Actor Encyclopedia attributes APT 20 to China; country-level geo used for map pin.","unrated","needs-review","","ETDA Threat Actor Encyclopedia",""
"apt-3","APT 3","Gothic Panda; Buckeye","state-linked-theft","State-linked Theft","China","Beijing","39.9042","116.4074","Country-level attribution pinned to capital","2007","Global","espionage; targeted intrusion; phishing","Conducting state-sponsored intrusion and espionage campaigns attributed to China.","ETDA Threat Actor Encyclopedia attributes APT 3 to China; country-level geo used for map pin.","unrated","needs-review","","ETDA Threat Actor Encyclopedia",""
"apt-4","APT 4","Maverick Panda; Wisp Team","state-linked-theft","State-linked Theft","China","Beijing","39.9042","116.4074","Country-level attribution pinned to capital","2007","Global","espionage; targeted intrusion; phishing","Conducting state-sponsored intrusion and espionage campaigns attributed to China.","ETDA Threat Actor Encyclopedia attributes APT 4 to China; country-level geo used for map pin.","unrated","needs-review","","ETDA Threat Actor Encyclopedia",""
"apt-5","APT 5","Keyhole Panda","state-linked-theft","State-linked Theft","China","Beijing","39.9042","116.4074","Country-level attribution pinned to capital","2007","Global","espionage; targeted intrusion; phishing","Conducting state-sponsored intrusion and espionage campaigns attributed to China.","ETDA Threat Actor Encyclopedia attributes APT 5 to China; country-level geo used for map pin.","unrated","needs-review","","ETDA Threat Actor Encyclopedia",""
"apt-6","APT 6","","state-linked-theft","State-linked Theft","China","Beijing","39.9042","116.4074","Country-level attribution pinned to capital","2011","Global","espionage; targeted intrusion; phishing","Conducting state-sponsored intrusion and espionage campaigns attributed to China.","ETDA Threat Actor Encyclopedia attributes APT 6 to China; country-level geo used for map pin.","unrated","needs-review","","ETDA Threat Actor Encyclopedia",""
"apt-c-36","APT-C-36","Blind Eagle","state-linked-theft","State-linked Theft","Colombia","Bogota","4.711","-74.0721","Country-level attribution pinned to capital","2018","Regional","South America; espionage; phishing","Running espionage-oriented campaigns that primarily target Colombian government institutions and key private-sector organizations in finance, energy, and manufacturing.","MITRE ATT&CK tracks APT-C-36 as a suspected South America espionage group focused mainly on Colombian institutions; the atlas uses Colombia as the clearest regional origin inference and pins to Bogota.","unrated","needs-review","","MITRE ATT&CK, updated Apr 2025",""
"apt-c-60","APT-C-60","","state-linked-theft","State-linked Theft","South Korea","Seoul","37.5665","126.978","Country-level attribution pinned to capital","2018","Regional","espionage; targeted intrusion; phishing","Conducting state-sponsored intrusion and espionage campaigns attributed to South Korea.","ETDA Threat Actor Encyclopedia attributes APT-C-60 to South Korea; country-level geo used for map pin.","unrated","needs-review","","ETDA Threat Actor Encyclopedia",""
"apt28","APT28","Fancy Bear; Sofacy; Forest Blizzard; STRONTIUM","state-linked-theft","State-linked Theft","Russia","Moscow","55.7558","37.6173","Country-level attribution pinned to capital","2004","Global","GRU-linked; espionage; influence ops","Running one of the most recognizable Russian military cyber programs, including espionage, credential theft, and influence-linked intrusion activity.","MITRE ATT&CK tracks APT28 as a Russian state-sponsored group commonly linked to the GRU; the map uses a country-level Russia attribution pinned to Moscow.","unrated","needs-review","","MITRE ATT&CK, updated Apr 2025",""
"apt29","APT29","Cozy Bear; Midnight Blizzard; The Dukes","state-linked-theft","State-linked Theft","Russia","Moscow","55.7558","37.6173","Country-level attribution pinned to capital","2008","Global","espionage; supply chain","Conducting long-running espionage campaigns against governments, diplomatic targets, and major enterprises, including some of the most widely reported supply-chain intrusions.","MITRE ATT&CK identifies APT29 as a Russian state-sponsored espionage group; the map uses Russia at country level and pins to Moscow for readability.","unrated","needs-review","","MITRE ATT&CK, updated Apr 2025",""
"apt38","APT38","Bluenoroff; BeagleBoyz; Sapphire Sleet","state-linked-theft","State-linked Theft","North Korea","Pyongyang","39.0392","125.7625","Country-level attribution pinned to capital","2014","Global","bank heists; SWIFT theft","Specializing in financial cyber operations against banks, casinos, exchanges, and ATM/SWIFT infrastructure worldwide.","MITRE ATT&CK attributes APT38 to North Korea and describes it as a group focused on financial theft.","unrated","needs-review","","MITRE ATT&CK, updated Jan 2025",""
"apt41","APT41","Wicked Panda; Brass Typhoon; BARIUM","hybrid","Hybrid","China","Beijing","39.9042","116.4074","Country-level attribution pinned to capital","2012","Global","espionage + profit; supply chain","Mixing state-sponsored espionage with financially motivated intrusions, including targeting software supply chains and commercial sectors.","MITRE ATT&CK assesses APT41 as a Chinese state-sponsored group that also conducts financially motivated operations.","unrated","needs-review","","MITRE ATT&CK, updated Jun 2025",""
"apt9","APT9","","state-linked-theft","State-linked Theft","Unknown","","","","No confirmed attribution","2018","Global","espionage; targeted intrusion; phishing","Conducting state-sponsored intrusion and espionage campaigns attributed to Unknown.","No confirmed national attribution published; classified as unknown origin pending further research.","unrated","needs-review","","ETDA Threat Actor Encyclopedia",""
"aquatic-panda","Aquatic Panda","","state-linked-theft","State-linked Theft","China","Beijing","39.9042","116.4074","Country-level attribution pinned to capital","2020","Global","espionage; targeted intrusion; phishing","Conducting state-sponsored intrusion and espionage campaigns attributed to China.","ETDA Threat Actor Encyclopedia attributes Aquatic Panda to China; country-level geo used for map pin.","unrated","needs-review","","ETDA Threat Actor Encyclopedia",""
"atlascross","AtlasCross","","state-linked-theft","State-linked Theft","Unknown","","","","No confirmed attribution","2023","Global","espionage; targeted intrusion; phishing","Conducting state-sponsored intrusion and espionage campaigns attributed to Unknown.","No confirmed national attribution published; classified as unknown origin pending further research.","unrated","needs-review","","ETDA Threat Actor Encyclopedia",""
"avalanche","Avalanche","","banking-theft","Banking Theft","Russia","Moscow","55.7558","37.6173","Country-level attribution pinned to capital","2006","Global","banking malware; financial theft; credential theft","Executing financially motivated banking malware, credential theft, and fraud operations.","ETDA Threat Actor Encyclopedia attributes Avalanche to Russia; country-level geo used for map pin.","unrated","needs-review","","ETDA Threat Actor Encyclopedia",""
"avivore","AVIVORE","","state-linked-theft","State-linked Theft","China","Beijing","39.9042","116.4074","Country-level attribution pinned to capital","2015","Global","espionage; targeted intrusion; phishing","Conducting state-sponsored intrusion and espionage campaigns attributed to China.","ETDA Threat Actor Encyclopedia attributes AVIVORE to China; country-level geo used for map pin.","unrated","needs-review","","ETDA Threat Actor Encyclopedia",""
"awaken-likho","Awaken Likho","","state-linked-theft","State-linked Theft","Unknown","","","","No confirmed attribution","2021","Global","espionage; targeted intrusion; phishing","Conducting state-sponsored intrusion and espionage campaigns attributed to Unknown.","No confirmed national attribution published; classified as unknown origin pending further research.","unrated","needs-review","","ETDA Threat Actor Encyclopedia",""
"axiom","Axiom","Group 72","state-linked-theft","State-linked Theft","China","Beijing","39.9042","116.4074","Country-level attribution pinned to capital","2008","Global","espionage; targeted intrusion; phishing","Conducting state-sponsored intrusion and espionage campaigns attributed to China.","ETDA Threat Actor Encyclopedia attributes Axiom to China; country-level geo used for map pin.","unrated","needs-review","","ETDA Threat Actor Encyclopedia",""
"bad-magic","Bad Magic","RedStinger","state-linked-theft","State-linked Theft","Unknown","","","","No confirmed attribution","2020","Global","espionage; targeted intrusion; phishing","Conducting state-sponsored intrusion and espionage campaigns attributed to Unknown.","No confirmed national attribution published; classified as unknown origin pending further research.","unrated","needs-review","","ETDA Threat Actor Encyclopedia",""
"bahamut","Bahamut","","state-linked-theft","State-linked Theft","Middle East","","","","Regional attribution only","2016","Regional","espionage; targeted intrusion; phishing","Conducting state-sponsored intrusion and espionage campaigns attributed to Middle East.","No confirmed national attribution published; classified as unknown origin pending further research.","unrated","needs-review","","ETDA Threat Actor Encyclopedia",""
"bamboo-spider","Bamboo Spider","TA544","ransomware","Ransomware","Unknown","","","","No confirmed attribution","2016","Global","ransomware; double extortion; RaaS","Operating ransomware campaigns and extortion operations against enterprise and critical-sector victims.","No confirmed national attribution published; classified as unknown origin pending further research.","unrated","needs-review","","ETDA Threat Actor Encyclopedia",""
"berserk-bear","Berserk Bear","Dragonfly 2.0","state-linked-theft","State-linked Theft","Russia","Moscow","55.7558","37.6173","Country-level attribution pinned to capital","2015","Global","espionage; targeted intrusion; phishing","Conducting state-sponsored intrusion and espionage campaigns attributed to Russia.","ETDA Threat Actor Encyclopedia attributes Berserk Bear to Russia; country-level geo used for map pin.","unrated","needs-review","","ETDA Threat Actor Encyclopedia",""
"bianlian","BianLian","","ransomware","Ransomware","Russia","Moscow","55.7558","37.6173","Country-level attribution pinned to capital","2022","Global","data extortion; healthcare targeting","Running ransomware and later primarily data-extortion campaigns against organizations across critical infrastructure and professional services sectors.","CISA, FBI, and partner agencies assess BianLian is likely based in Russia and operates with Russia-based affiliates.","unrated","needs-review","","CISA / FBI / ACSC, Nov 2024",""
"bismuth","Bismuth","","state-linked-theft","State-linked Theft","Vietnam","Hanoi","21.0285","105.8542","Country-level attribution pinned to capital","2012","Regional","espionage; targeted intrusion; phishing","Conducting state-sponsored intrusion and espionage campaigns attributed to Vietnam.","ETDA Threat Actor Encyclopedia attributes Bismuth to Vietnam; country-level geo used for map pin.","unrated","needs-review","","ETDA Threat Actor Encyclopedia",""
"bitter","Bitter","","state-linked-theft","State-linked Theft","South Asia","","","","Regional attribution only","2013","Regional","espionage; targeted intrusion; phishing","Conducting state-sponsored intrusion and espionage campaigns attributed to South Asia.","No confirmed national attribution published; classified as unknown origin pending further research.","unrated","needs-review","","ETDA Threat Actor Encyclopedia",""
"blackbyte","BlackByte","Hecamede","ransomware","Ransomware","Russia","Moscow","55.7558","37.6173","Country-level attribution pinned to capital","2021","Global","RaaS; critical infrastructure targeting","Operating a ransomware program that gained attention for attacks on critical infrastructure and for quickly iterating its malware after public decryptors appeared.","MITRE ATT&CK tracks BlackByte as a prominent ransomware actor; public reporting frequently treats the operation as Russian-speaking or Russia-linked, and the atlas reflects that as a country-level inference rather than a settled legal finding.","unrated","needs-review","","MITRE ATT&CK / public reporting",""
"blackgear","Blackgear","","state-linked-theft","State-linked Theft","China","Beijing","39.9042","116.4074","Country-level attribution pinned to capital","2018","Global","espionage; targeted intrusion; phishing","Conducting state-sponsored intrusion and espionage campaigns attributed to China.","ETDA Threat Actor Encyclopedia attributes Blackgear to China; country-level geo used for map pin.","unrated","needs-review","","ETDA Threat Actor Encyclopedia",""
"blackoasis","BlackOasis","","state-linked-theft","State-linked Theft","Middle East","","","","Regional attribution only","2015","Regional","espionage; targeted intrusion; phishing","Conducting state-sponsored intrusion and espionage campaigns attributed to Middle East.","No confirmed national attribution published; classified as unknown origin pending further research.","unrated","needs-review","","ETDA Threat Actor Encyclopedia",""
"blacktech","BlackTech","Circuit Panda; Radio Panda","state-linked-theft","State-linked Theft","China","Beijing","39.9042","116.4074","Country-level attribution pinned to capital","2010","Global","espionage; targeted intrusion; phishing","Conducting state-sponsored intrusion and espionage campaigns attributed to China.","ETDA Threat Actor Encyclopedia attributes BlackTech to China; country-level geo used for map pin.","unrated","needs-review","","ETDA Threat Actor Encyclopedia",""
"blackwood","Blackwood","","state-linked-theft","State-linked Theft","China","Beijing","39.9042","116.4074","Country-level attribution pinned to capital","2018","Global","espionage; targeted intrusion; phishing","Conducting state-sponsored intrusion and espionage campaigns attributed to China.","ETDA Threat Actor Encyclopedia attributes Blackwood to China; country-level geo used for map pin.","unrated","needs-review","","ETDA Threat Actor Encyclopedia",""
"blue-termite","Blue Termite","Cloudy Omega","state-linked-theft","State-linked Theft","China","Beijing","39.9042","116.4074","Country-level attribution pinned to capital","2013","Global","espionage; targeted intrusion; phishing","Conducting state-sponsored intrusion and espionage campaigns attributed to China.","ETDA Threat Actor Encyclopedia attributes Blue Termite to China; country-level geo used for map pin.","unrated","needs-review","","ETDA Threat Actor Encyclopedia",""
"bookworm","Bookworm","","state-linked-theft","State-linked Theft","China","Beijing","39.9042","116.4074","Country-level attribution pinned to capital","2015","Global","espionage; targeted intrusion; phishing","Conducting state-sponsored intrusion and espionage campaigns attributed to China.","ETDA Threat Actor Encyclopedia attributes Bookworm to China; country-level geo used for map pin.","unrated","needs-review","","ETDA Threat Actor Encyclopedia",""
"boson-spider","Boson Spider","","state-linked-theft","State-linked Theft","Unknown","","","","No confirmed attribution","2015","Global","espionage; targeted intrusion; phishing","Conducting state-sponsored intrusion and espionage campaigns attributed to Unknown.","No confirmed national attribution published; classified as unknown origin pending further research.","unrated","needs-review","","ETDA Threat Actor Encyclopedia",""
"boss-spider","Boss Spider","Gold Lowell","state-linked-theft","State-linked Theft","Iran","Tehran","35.6892","51.389","Country-level attribution pinned to capital","2015","Global","espionage; targeted intrusion; phishing","Conducting state-sponsored intrusion and espionage campaigns attributed to Iran.","ETDA Threat Actor Encyclopedia attributes Boss Spider to Iran; country-level geo used for map pin.","unrated","needs-review","","ETDA Threat Actor Encyclopedia",""
"bronze-butler","Bronze Butler","Tick; RedBaldNight; Stalker Panda","state-linked-theft","State-linked Theft","China","Beijing","39.9042","116.4074","Country-level attribution pinned to capital","2006","Global","espionage; targeted intrusion; phishing","Conducting state-sponsored intrusion and espionage campaigns attributed to China.","ETDA Threat Actor Encyclopedia attributes Bronze Butler to China; country-level geo used for map pin.","unrated","needs-review","","ETDA Threat Actor Encyclopedia",""
"bronze-highland","Bronze Highland","","state-linked-theft","State-linked Theft","China","Beijing","39.9042","116.4074","Country-level attribution pinned to capital","2012","Global","espionage; targeted intrusion; phishing","Conducting state-sponsored intrusion and espionage campaigns attributed to China.","ETDA Threat Actor Encyclopedia attributes Bronze Highland to China; country-level geo used for map pin.","unrated","needs-review","","ETDA Threat Actor Encyclopedia",""
"bronze-starlight","Bronze Starlight","","state-linked-theft","State-linked Theft","China","Beijing","39.9042","116.4074","Country-level attribution pinned to capital","2021","Global","espionage; targeted intrusion; phishing","Conducting state-sponsored intrusion and espionage campaigns attributed to China.","ETDA Threat Actor Encyclopedia attributes Bronze Starlight to China; country-level geo used for map pin.","unrated","needs-review","","ETDA Threat Actor Encyclopedia",""
"buhtrap","Buhtrap","Ratopak Spider","state-linked-theft","State-linked Theft","Russia","Moscow","55.7558","37.6173","Country-level attribution pinned to capital","2015","Global","espionage; targeted intrusion; phishing","Conducting state-sponsored intrusion and espionage campaigns attributed to Russia.","ETDA Threat Actor Encyclopedia attributes Buhtrap to Russia; country-level geo used for map pin.","unrated","needs-review","","ETDA Threat Actor Encyclopedia",""
"business-club","Business Club","GameOver Zeus; GOLD EVERGREEN","financial-fraud","Financial Fraud","Russia","Moscow","55.7558","37.6173","Country-level attribution pinned to capital","2007","Global","bank fraud; botnet operations; wire theft","Stealing banking credentials at massive scale through Zeus variants and using infected systems to enable large international wire-fraud operations.","DOJ and FBI reporting tied GameOver Zeus to Evgeniy Bogachev and a gang of cyber criminals based in Russia and Ukraine; this atlas uses Russia as the primary country-level origin for a simplified map pin.","unrated","needs-review","","DOJ / FBI, 2014-2015",""
"cadelle","Cadelle","","state-linked-theft","State-linked Theft","Iran","Tehran","35.6892","51.389","Country-level attribution pinned to capital","2011","Global","espionage; targeted intrusion; phishing","Conducting state-sponsored intrusion and espionage campaigns attributed to Iran.","ETDA Threat Actor Encyclopedia attributes Cadelle to Iran; country-level geo used for map pin.","unrated","needs-review","","ETDA Threat Actor Encyclopedia",""
"cadet-blizzard","Cadet Blizzard","","state-linked-theft","State-linked Theft","Russia","Moscow","55.7558","37.6173","Country-level attribution pinned to capital","2020","Global","espionage; targeted intrusion; phishing","Conducting state-sponsored intrusion and espionage campaigns attributed to Russia.","ETDA Threat Actor Encyclopedia attributes Cadet Blizzard to Russia; country-level geo used for map pin.","unrated","needs-review","","ETDA Threat Actor Encyclopedia",""
"callisto-group","Callisto Group","","state-linked-theft","State-linked Theft","Unknown","","","","No confirmed attribution","2013","Global","espionage; targeted intrusion; phishing","Conducting state-sponsored intrusion and espionage campaigns attributed to Unknown.","No confirmed national attribution published; classified as unknown origin pending further research.","unrated","needs-review","","ETDA Threat Actor Encyclopedia",""
"calypso","Calypso","","state-linked-theft","State-linked Theft","China","Beijing","39.9042","116.4074","Country-level attribution pinned to capital","2016","Global","espionage; targeted intrusion; phishing","Conducting state-sponsored intrusion and espionage campaigns attributed to China.","ETDA Threat Actor Encyclopedia attributes Calypso to China; country-level geo used for map pin.","unrated","needs-review","","ETDA Threat Actor Encyclopedia",""
"carderbee","Carderbee","","state-linked-theft","State-linked Theft","China","Beijing","39.9042","116.4074","Country-level attribution pinned to capital","2023","Global","espionage; targeted intrusion; phishing","Conducting state-sponsored intrusion and espionage campaigns attributed to China.","ETDA Threat Actor Encyclopedia attributes Carderbee to China; country-level geo used for map pin.","unrated","needs-review","","ETDA Threat Actor Encyclopedia",""
"cardinallizard","CardinalLizard","","state-linked-theft","State-linked Theft","China","Beijing","39.9042","116.4074","Country-level attribution pinned to capital","2014","Global","espionage; targeted intrusion; phishing","Conducting state-sponsored intrusion and espionage campaigns attributed to China.","ETDA Threat Actor Encyclopedia attributes CardinalLizard to China; country-level geo used for map pin.","unrated","needs-review","","ETDA Threat Actor Encyclopedia",""
"careto","Careto","The Mask","state-linked-theft","State-linked Theft","Spain","Madrid","40.4168","-3.7038","Country-level attribution pinned to capital","2007","Global","espionage; targeted intrusion; phishing","Conducting state-sponsored intrusion and espionage campaigns attributed to Spain.","ETDA Threat Actor Encyclopedia attributes Careto to Spain; country-level geo used for map pin.","unrated","needs-review","","ETDA Threat Actor Encyclopedia",""
"ceranakeeper","CeranaKeeper","","state-linked-theft","State-linked Theft","China","Beijing","39.9042","116.4074","Country-level attribution pinned to capital","2022","Global","espionage; targeted intrusion; phishing","Conducting state-sponsored intrusion and espionage campaigns attributed to China.","ETDA Threat Actor Encyclopedia attributes CeranaKeeper to China; country-level geo used for map pin.","unrated","needs-review","","ETDA Threat Actor Encyclopedia",""
"cert-cc","CERT Coordination Center","CERT/CC","white-hat","White Hat","United States","Pittsburgh","40.4406","-79.9959","City-level attribution from public reporting","1988","Global","incident coordination; vulnerability disclosure","Coordinating vulnerability disclosure, publishing security research, and developing methods and tools that improve software and network resilience.","The CERT/CC identifies itself as part of Carnegie Mellon's Software Engineering Institute, and its public organization materials locate it in Pittsburgh, Pennsylvania.","unrated","needs-review","","CERT/CC / SEI",""
"cert-br","CERT.br","","white-hat","White Hat","Brazil","Sao Paulo","-23.5558","-46.6396","City-level attribution from public reporting","1997","Regional","national CSIRT; incident coordination; Brazil","Coordinating national incident response in Brazil while publishing statistics, running sensor projects, and supporting community knowledge transfer.","CERT.br describes itself as Brazil's national CSIRT of last resort maintained by NIC.br; the atlas uses Sao Paulo as the organization origin point.","unrated","needs-review","","CERT.br official site",""
"chamelgang","ChamelGang","","state-linked-theft","State-linked Theft","China","Beijing","39.9042","116.4074","Country-level attribution pinned to capital","2021","Global","espionage; targeted intrusion; phishing","Conducting state-sponsored intrusion and espionage campaigns attributed to China.","ETDA Threat Actor Encyclopedia attributes ChamelGang to China; country-level geo used for map pin.","unrated","needs-review","","ETDA Threat Actor Encyclopedia",""
"chaos-computer-club","Chaos Computer Club","CCC","hacktivist","Hacktivist","Germany","Hamburg","53.5753","10.0153","City-level attribution from public reporting","1981","Global","security research; privacy advocacy; hacktivism; grey hat","Operating as one of the world's oldest and largest hacker collectives, conducting high-profile intrusions to expose security failures, advocating for digital privacy, and shaping European hacker culture and policy for over four decades.","The Chaos Computer Club is a publicly registered German association headquartered in Hamburg, widely recognized as Europe's most influential hacker collective since its founding in 1981.","unrated","needs-review","","CCC official / NordVPN / public reporting",""
"chimera","Chimera","","state-linked-theft","State-linked Theft","China","Beijing","39.9042","116.4074","Country-level attribution pinned to capital","2018","Global","espionage; targeted intrusion; phishing","Conducting state-sponsored intrusion and espionage campaigns attributed to China.","ETDA Threat Actor Encyclopedia attributes Chimera to China; country-level geo used for map pin.","unrated","needs-review","","ETDA Threat Actor Encyclopedia",""
"cia","CIA","","state-linked-theft","State-linked Theft","United States","Washington, DC","38.9072","-77.0369","Country-level attribution pinned to capital","1947","Global","nation-state; CNO; zero-days","Conducting state-sponsored intrusion and espionage campaigns attributed to United States.","ETDA Threat Actor Encyclopedia attributes CIA to United States; country-level geo used for map pin.","unrated","needs-review","","ETDA Threat Actor Encyclopedia",""
"circles","Circles","","darknet-market","Darknet Market","Israel","Tel Aviv","32.0853","34.7818","City-level attribution from public reporting","2015","Regional","surveillance tools; illicit services","Providing commercial surveillance tools, exploit services, or illicit marketplace infrastructure.","ETDA Threat Actor Encyclopedia attributes Circles to Israel; country-level geo used for map pin.","unrated","needs-review","","ETDA Threat Actor Encyclopedia",""
"circus-spider","Circus Spider","","state-linked-theft","State-linked Theft","Unknown","","","","No confirmed attribution","2019","Global","espionage; targeted intrusion; phishing","Conducting state-sponsored intrusion and espionage campaigns attributed to Unknown.","No confirmed national attribution published; classified as unknown origin pending further research.","unrated","needs-review","","ETDA Threat Actor Encyclopedia",""
"cisa","CISA","Cybersecurity and Infrastructure Security Agency","white-hat","White Hat","United States","Washington, DC","38.9072","-77.0369","Country-level attribution pinned to capital","2018","National","critical infrastructure; advisories","Publishing joint advisories, incident guidance, and defensive resources for critical infrastructure owners, governments, and private-sector defenders.","CISA is the U.S. Cybersecurity and Infrastructure Security Agency; the pin uses the agency's official Washington, DC main address for map readability.","unrated","needs-review","","CISA / USAGov",""
"cisco-talos","Cisco Talos","","white-hat","White Hat","United States","San Jose","37.3382","-121.8863","City-level attribution from public reporting","2014","Global","threat intelligence; incident response; malware research","Providing some of the most widely cited public malware analysis, incident response research, and defensive threat intelligence in the industry.","Cisco describes Talos as its threat intelligence team; the pin uses Cisco's official San Jose headquarters as the organization origin.","unrated","needs-review","","Cisco official site",""
"clever-kitten","Clever Kitten","","state-linked-theft","State-linked Theft","Iran","Tehran","35.6892","51.389","Country-level attribution pinned to capital","2013","Global","espionage; targeted intrusion; phishing","Conducting state-sponsored intrusion and espionage campaigns attributed to Iran.","ETDA Threat Actor Encyclopedia attributes Clever Kitten to Iran; country-level geo used for map pin.","unrated","needs-review","","ETDA Threat Actor Encyclopedia",""
"cloudsorcerer","CloudSorcerer","","state-linked-theft","State-linked Theft","Unknown","","","","No confirmed attribution","2024","Global","espionage; targeted intrusion; phishing","Conducting state-sponsored intrusion and espionage campaigns attributed to Unknown.","No confirmed national attribution published; classified as unknown origin pending further research.","unrated","needs-review","","ETDA Threat Actor Encyclopedia",""
"cobalt-group","Cobalt Group","","state-linked-theft","State-linked Theft","Russia","Moscow","55.7558","37.6173","Country-level attribution pinned to capital","2016","Global","espionage; targeted intrusion; phishing","Conducting state-sponsored intrusion and espionage campaigns attributed to Russia.","ETDA Threat Actor Encyclopedia attributes Cobalt Group to Russia; country-level geo used for map pin.","unrated","needs-review","","ETDA Threat Actor Encyclopedia",""
"cold-river","Cold River","","state-linked-theft","State-linked Theft","Russia","Moscow","55.7558","37.6173","Country-level attribution pinned to capital","2019","Global","espionage; targeted intrusion; phishing","Conducting state-sponsored intrusion and espionage campaigns attributed to Russia.","ETDA Threat Actor Encyclopedia attributes Cold River to Russia; country-level geo used for map pin.","unrated","needs-review","","ETDA Threat Actor Encyclopedia",""
"confucius","Confucius","","state-linked-theft","State-linked Theft","India","New Delhi","28.6139","77.209","Country-level attribution pinned to capital","2013","Global","espionage; targeted intrusion; phishing","Conducting state-sponsored intrusion and espionage campaigns attributed to India.","ETDA Threat Actor Encyclopedia attributes Confucius to India; country-level geo used for map pin.","unrated","needs-review","","ETDA Threat Actor Encyclopedia",""
"copykittens","CopyKittens","Slayer Kitten","state-linked-theft","State-linked Theft","Iran","Tehran","35.6892","51.389","Country-level attribution pinned to capital","2013","Global","espionage; targeted intrusion; phishing","Conducting state-sponsored intrusion and espionage campaigns attributed to Iran.","ETDA Threat Actor Encyclopedia attributes CopyKittens to Iran; country-level geo used for map pin.","unrated","needs-review","","ETDA Threat Actor Encyclopedia",""
"coralraider","CoralRaider","","state-linked-theft","State-linked Theft","Vietnam","Hanoi","21.0285","105.8542","Country-level attribution pinned to capital","2023","Regional","espionage; targeted intrusion; phishing","Conducting state-sponsored intrusion and espionage campaigns attributed to Vietnam.","ETDA Threat Actor Encyclopedia attributes CoralRaider to Vietnam; country-level geo used for map pin.","unrated","needs-review","","ETDA Threat Actor Encyclopedia",""
"corkow","Corkow","Metel","banking-theft","Banking Theft","Russia","Moscow","55.7558","37.6173","Country-level attribution pinned to capital","2011","Global","banking malware; financial theft; credential theft","Executing financially motivated banking malware, credential theft, and fraud operations.","ETDA Threat Actor Encyclopedia attributes Corkow to Russia; country-level geo used for map pin.","unrated","needs-review","","ETDA Threat Actor Encyclopedia",""
"cosmic-leopard","Cosmic Leopard","Operation Celestial Force","state-linked-theft","State-linked Theft","Pakistan","Islamabad","33.6844","73.0479","Country-level attribution pinned to capital","2018","Global","espionage; targeted intrusion; phishing","Conducting state-sponsored intrusion and espionage campaigns attributed to Pakistan.","ETDA Threat Actor Encyclopedia attributes Cosmic Leopard to Pakistan; country-level geo used for map pin.","unrated","needs-review","","ETDA Threat Actor Encyclopedia",""
"cosmic-lynx","Cosmic Lynx","","financial-fraud","Financial Fraud","Russia","Moscow","55.7558","37.6173","Country-level attribution pinned to capital","2019","Global","BEC; invoice fraud; M&A pretexting","Running high-value business email compromise schemes that impersonate executives and outside counsel to trigger fraudulent payments.","Agari's threat dossier describes Cosmic Lynx as a Russia-based BEC cybercriminal organization targeting large multinational companies.","unrated","needs-review","","Agari / Fortra, Jul 2020",""
"costaricto","CostaRicto","","state-linked-theft","State-linked Theft","Unknown","","","","No confirmed attribution","2017","Global","espionage; targeted intrusion; phishing","Conducting state-sponsored intrusion and espionage campaigns attributed to Unknown.","No confirmed national attribution published; classified as unknown origin pending further research.","unrated","needs-review","","ETDA Threat Actor Encyclopedia",""
"covellite","Covellite","","state-linked-theft","State-linked Theft","North Korea","Pyongyang","39.0392","125.7625","Country-level attribution pinned to capital","2017","Global","espionage; targeted intrusion; phishing","Conducting state-sponsored intrusion and espionage campaigns attributed to North Korea.","ETDA Threat Actor Encyclopedia attributes Covellite to North Korea; country-level geo used for map pin.","unrated","needs-review","","ETDA Threat Actor Encyclopedia",""
"cron","Cron","","banking-theft","Banking Theft","Russia","Moscow","55.7558","37.6173","Country-level attribution pinned to capital","2015","Global","banking malware; financial theft; credential theft","Executing financially motivated banking malware, credential theft, and fraud operations.","ETDA Threat Actor Encyclopedia attributes Cron to Russia; country-level geo used for map pin.","unrated","needs-review","","ETDA Threat Actor Encyclopedia",""
"crowdstrike-intelligence","CrowdStrike Intelligence","Falcon Adversary Intelligence","white-hat","White Hat","United States","Austin","30.2672","-97.7431","City-level attribution from public reporting","2018","Global","adversary profiles; threat intelligence; research","Maintaining one of the most visible public actor-naming and adversary-profiling systems used across the security industry.","CrowdStrike markets Falcon Adversary Intelligence as part of its threat intelligence platform, and recent official releases identify Austin, Texas as the company headquarters location used here.","unrated","needs-review","","CrowdStrike official site",""
"cti-league","CTI League","Cyber Threat Intelligence League","white-hat","White Hat","","","","","No fixed origin / decentralized volunteer network","2020","Global","threat disruption; healthcare defense; volunteer; cybercriminal disruption","Coordinating volunteer threat intelligence analysts worldwide to actively disrupt cybercriminal operations, most notably protecting hospital and healthcare infrastructure from ransomware and exploitation campaigns during the COVID-19 pandemic and beyond.","CTI League is a volunteer-driven international network of security professionals founded in 2020; public reporting describes its members as actively disrupting real-world criminal cyber operations rather than conducting defensive research alone.","unrated","needs-review","","Information Age / ACS / public reporting",""
"curious-gorge","Curious Gorge","","state-linked-theft","State-linked Theft","China","Beijing","39.9042","116.4074","Country-level attribution pinned to capital","2022","Global","espionage; targeted intrusion; phishing","Conducting state-sponsored intrusion and espionage campaigns attributed to China.","ETDA Threat Actor Encyclopedia attributes Curious Gorge to China; country-level geo used for map pin.","unrated","needs-review","","ETDA Threat Actor Encyclopedia",""
"cutting-kitten","Cutting Kitten","TG-2889","state-linked-theft","State-linked Theft","Iran","Tehran","35.6892","51.389","Country-level attribution pinned to capital","2012","Global","espionage; targeted intrusion; phishing","Conducting state-sponsored intrusion and espionage campaigns attributed to Iran.","ETDA Threat Actor Encyclopedia attributes Cutting Kitten to Iran; country-level geo used for map pin.","unrated","needs-review","","ETDA Threat Actor Encyclopedia",""
"cyber-berkut","Cyber Berkut","","hacktivist","Hacktivist","Russia","Moscow","55.7558","37.6173","Country-level attribution pinned to capital","2014","Global","hacktivism; disruption; defacement","Carrying out politically motivated disruptions, defacements, and data leak operations.","ETDA Threat Actor Encyclopedia attributes Cyber Berkut to Russia; country-level geo used for map pin.","unrated","needs-review","","ETDA Threat Actor Encyclopedia",""
"cyber-caliphate-army-cca","Cyber Caliphate Army (CCA)","United Cyber Caliphate (UCC)","hacktivist","Hacktivist","Unknown","","","","Non-state terrorist organization","2014","Global","hacktivism; disruption; defacement","Carrying out politically motivated disruptions, defacements, and data leak operations.","No confirmed national attribution published; classified as unknown origin pending further research.","unrated","needs-review","","ETDA Threat Actor Encyclopedia",""
"cyber-fighters-of-izz-ad-din-al-qassam","Cyber fighters of Izz Ad-Din Al Qassam","Fraternal Jackal","state-linked-theft","State-linked Theft","Iran","Tehran","35.6892","51.389","Country-level attribution pinned to capital","2012","Global","espionage; targeted intrusion; phishing","Conducting state-sponsored intrusion and espionage campaigns attributed to Iran.","ETDA Threat Actor Encyclopedia attributes Cyber fighters of Izz Ad-Din Al Qassam to Iran; country-level geo used for map pin.","unrated","needs-review","","ETDA Threat Actor Encyclopedia",""
"cyberav3ngers","CyberAv3ngers","Soldiers of Solomon","hacktivist","Hacktivist","Iran","Tehran","35.6892","51.389","Country-level attribution pinned to capital","2020","Global","PLC defacement; IRGC-linked","Claiming and conducting disruptive operations against industrial control environments, especially Unitronics PLC and HMI targets.","MITRE ATT&CK tracks CyberAv3ngers as a suspected Iranian IRGC-affiliated group active in politically motivated disruption campaigns.","unrated","needs-review","","MITRE ATT&CK / CISA",""
"dalbit","Dalbit","","state-linked-theft","State-linked Theft","China","Beijing","39.9042","116.4074","Country-level attribution pinned to capital","2022","Global","espionage; targeted intrusion; phishing","Conducting state-sponsored intrusion and espionage campaigns attributed to China.","ETDA Threat Actor Encyclopedia attributes Dalbit to China; country-level geo used for map pin.","unrated","needs-review","","ETDA Threat Actor Encyclopedia",""
"danabot","DanaBot Organization","DanaBot operators","banking-theft","Banking Theft","Russia","Novosibirsk","55.0084","82.9357","City-level attribution from public reporting","2018","Global","banking trojan; fraud infrastructure","Operating malware that infected hundreds of thousands of machines and enabled fraud, credential theft, and ransomware delivery.","The 2025 U.S. indictment describes DanaBot as controlled by a Russia-based cybercrime organization and names operators from Novosibirsk.","unrated","needs-review","","DOJ, May 2025",""
"dark-basin","Dark Basin","","state-linked-theft","State-linked Theft","India","New Delhi","28.6139","77.209","Country-level attribution pinned to capital","2013","Global","espionage; targeted intrusion; phishing","Conducting state-sponsored intrusion and espionage campaigns attributed to India.","ETDA Threat Actor Encyclopedia attributes Dark Basin to India; country-level geo used for map pin.","unrated","needs-review","","ETDA Threat Actor Encyclopedia",""
"dark-caracal","Dark Caracal","","state-linked-theft","State-linked Theft","Lebanon","Beirut","33.8938","35.5018","Country-level attribution pinned to capital","2007","Regional","espionage; targeted intrusion; phishing","Conducting state-sponsored intrusion and espionage campaigns attributed to Lebanon.","ETDA Threat Actor Encyclopedia attributes Dark Caracal to Lebanon; country-level geo used for map pin.","unrated","needs-review","","ETDA Threat Actor Encyclopedia",""
"dark-pink","Dark Pink","","state-linked-theft","State-linked Theft","Unknown","","","","No confirmed attribution","2022","Global","espionage; targeted intrusion; phishing","Conducting state-sponsored intrusion and espionage campaigns attributed to Unknown.","No confirmed national attribution published; classified as unknown origin pending further research.","unrated","needs-review","","ETDA Threat Actor Encyclopedia",""
"darkcasino","DarkCasino","","state-linked-theft","State-linked Theft","Unknown","","","","No confirmed attribution","2021","Global","espionage; targeted intrusion; phishing","Conducting state-sponsored intrusion and espionage campaigns attributed to Unknown.","No confirmed national attribution published; classified as unknown origin pending further research.","unrated","needs-review","","ETDA Threat Actor Encyclopedia",""
"darkhotel","DarkHotel","","state-linked-theft","State-linked Theft","South Korea","Seoul","37.5665","126.978","Country-level attribution pinned to capital","2007","Regional","espionage; targeted intrusion; phishing","Conducting state-sponsored intrusion and espionage campaigns attributed to South Korea.","ETDA Threat Actor Encyclopedia attributes DarkHotel to South Korea; country-level geo used for map pin.","unrated","needs-review","","ETDA Threat Actor Encyclopedia",""
"darkhydrus","DarkHydrus","LazyMeerkat","state-linked-theft","State-linked Theft","Iran","Tehran","35.6892","51.389","Country-level attribution pinned to capital","2016","Global","espionage; targeted intrusion; phishing","Conducting state-sponsored intrusion and espionage campaigns attributed to Iran.","ETDA Threat Actor Encyclopedia attributes DarkHydrus to Iran; country-level geo used for map pin.","unrated","needs-review","","ETDA Threat Actor Encyclopedia",""
"darkuniverse","DarkUniverse","","state-linked-theft","State-linked Theft","Unknown","","","","No confirmed attribution","2017","Global","espionage; targeted intrusion; phishing","Conducting state-sponsored intrusion and espionage campaigns attributed to Unknown.","No confirmed national attribution published; classified as unknown origin pending further research.","unrated","needs-review","","ETDA Threat Actor Encyclopedia",""
"deceptikons","Deceptikons","DeathStalker","state-linked-theft","State-linked Theft","Unknown","","","","No confirmed attribution","2012","Global","espionage; targeted intrusion; phishing","Conducting state-sponsored intrusion and espionage campaigns attributed to Unknown.","No confirmed national attribution published; classified as unknown origin pending further research.","unrated","needs-review","","ETDA Threat Actor Encyclopedia",""
"desert-falcons","Desert Falcons","","state-linked-theft","State-linked Theft","Gaza","Gaza City","31.5017","34.4668","Territory-level attribution","2011","Regional","espionage; targeted intrusion; phishing","Conducting state-sponsored intrusion and espionage campaigns attributed to Gaza.","No confirmed national attribution published; classified as unknown origin pending further research.","unrated","needs-review","","ETDA Threat Actor Encyclopedia",""
"dnspionage","DNSpionage","","state-linked-theft","State-linked Theft","Iran","Tehran","35.6892","51.389","Country-level attribution pinned to capital","2019","Global","espionage; targeted intrusion; phishing","Conducting state-sponsored intrusion and espionage campaigns attributed to Iran.","ETDA Threat Actor Encyclopedia attributes DNSpionage to Iran; country-level geo used for map pin.","unrated","needs-review","","ETDA Threat Actor Encyclopedia",""
"domestic-kitten","Domestic Kitten","","state-linked-theft","State-linked Theft","Iran","Tehran","35.6892","51.389","Country-level attribution pinned to capital","2016","Global","espionage; targeted intrusion; phishing","Conducting state-sponsored intrusion and espionage campaigns attributed to Iran.","ETDA Threat Actor Encyclopedia attributes Domestic Kitten to Iran; country-level geo used for map pin.","unrated","needs-review","","ETDA Threat Actor Encyclopedia",""
"donot-team","Donot Team","","state-linked-theft","State-linked Theft","India","New Delhi","28.6139","77.209","Country-level attribution pinned to capital","2016","Global","espionage; targeted intrusion; phishing","Conducting state-sponsored intrusion and espionage campaigns attributed to India.","ETDA Threat Actor Encyclopedia attributes Donot Team to India; country-level geo used for map pin.","unrated","needs-review","","ETDA Threat Actor Encyclopedia",""
"doppel-spider","Doppel Spider","","state-linked-theft","State-linked Theft","Russia","Moscow","55.7558","37.6173","Country-level attribution pinned to capital","2019","Global","espionage; targeted intrusion; phishing","Conducting state-sponsored intrusion and espionage campaigns attributed to Russia.","ETDA Threat Actor Encyclopedia attributes Doppel Spider to Russia; country-level geo used for map pin.","unrated","needs-review","","ETDA Threat Actor Encyclopedia",""
"dragonok","DragonOK","","state-linked-theft","State-linked Theft","China","Beijing","39.9042","116.4074","Country-level attribution pinned to capital","2015","Global","espionage; targeted intrusion; phishing","Conducting state-sponsored intrusion and espionage campaigns attributed to China.","ETDA Threat Actor Encyclopedia attributes DragonOK to China; country-level geo used for map pin.","unrated","needs-review","","ETDA Threat Actor Encyclopedia",""
"dragonspark","DragonSpark","","state-linked-theft","State-linked Theft","China","Beijing","39.9042","116.4074","Country-level attribution pinned to capital","2022","Global","espionage; targeted intrusion; phishing","Conducting state-sponsored intrusion and espionage campaigns attributed to China.","ETDA Threat Actor Encyclopedia attributes DragonSpark to China; country-level geo used for map pin.","unrated","needs-review","","ETDA Threat Actor Encyclopedia",""
"dungeon-spider","Dungeon Spider","","ransomware","Ransomware","Russia","Moscow","55.7558","37.6173","Country-level attribution pinned to capital","2016","Global","ransomware; double extortion; RaaS","Operating ransomware campaigns and extortion operations against enterprise and critical-sector victims.","ETDA Threat Actor Encyclopedia attributes Dungeon Spider to Russia; country-level geo used for map pin.","unrated","needs-review","","ETDA Threat Actor Encyclopedia",""
"dust-storm","Dust Storm","","state-linked-theft","State-linked Theft","China","Beijing","39.9042","116.4074","Country-level attribution pinned to capital","2010","Global","espionage; targeted intrusion; phishing","Conducting state-sponsored intrusion and espionage campaigns attributed to China.","ETDA Threat Actor Encyclopedia attributes Dust Storm to China; country-level geo used for map pin.","unrated","needs-review","","ETDA Threat Actor Encyclopedia",""
"dustsquad","DustSquad","Golden Falcon","state-linked-theft","State-linked Theft","Russia","Moscow","55.7558","37.6173","Country-level attribution pinned to capital","2014","Global","espionage; targeted intrusion; phishing","Conducting state-sponsored intrusion and espionage campaigns attributed to Russia.","ETDA Threat Actor Encyclopedia attributes DustSquad to Russia; country-level geo used for map pin.","unrated","needs-review","","ETDA Threat Actor Encyclopedia",""
"earth-alux","Earth Alux","","state-linked-theft","State-linked Theft","China","Beijing","39.9042","116.4074","Country-level attribution pinned to capital","2023","Global","espionage; targeted intrusion; phishing","Conducting state-sponsored intrusion and espionage campaigns attributed to China.","ETDA Threat Actor Encyclopedia attributes Earth Alux to China; country-level geo used for map pin.","unrated","needs-review","","ETDA Threat Actor Encyclopedia",""
"earth-ammit","Earth Ammit","","state-linked-theft","State-linked Theft","China","Beijing","39.9042","116.4074","Country-level attribution pinned to capital","2022","Global","espionage; targeted intrusion; phishing","Conducting state-sponsored intrusion and espionage campaigns attributed to China.","ETDA Threat Actor Encyclopedia attributes Earth Ammit to China; country-level geo used for map pin.","unrated","needs-review","","ETDA Threat Actor Encyclopedia",""
"earth-baxia","Earth Baxia","","state-linked-theft","State-linked Theft","China","Beijing","39.9042","116.4074","Country-level attribution pinned to capital","2024","Global","espionage; targeted intrusion; phishing","Conducting state-sponsored intrusion and espionage campaigns attributed to China.","ETDA Threat Actor Encyclopedia attributes Earth Baxia to China; country-level geo used for map pin.","unrated","needs-review","","ETDA Threat Actor Encyclopedia",""
"earth-berberoka","Earth Berberoka","","state-linked-theft","State-linked Theft","China","Beijing","39.9042","116.4074","Country-level attribution pinned to capital","2022","Global","espionage; targeted intrusion; phishing","Conducting state-sponsored intrusion and espionage campaigns attributed to China.","ETDA Threat Actor Encyclopedia attributes Earth Berberoka to China; country-level geo used for map pin.","unrated","needs-review","","ETDA Threat Actor Encyclopedia",""
"earth-freybug","Earth Freybug","","state-linked-theft","State-linked Theft","China","Beijing","39.9042","116.4074","Country-level attribution pinned to capital","2012","Global","espionage; targeted intrusion; phishing","Conducting state-sponsored intrusion and espionage campaigns attributed to China.","ETDA Threat Actor Encyclopedia attributes Earth Freybug to China; country-level geo used for map pin.","unrated","needs-review","","ETDA Threat Actor Encyclopedia",""
"earth-krahang","Earth Krahang","","state-linked-theft","State-linked Theft","China","Beijing","39.9042","116.4074","Country-level attribution pinned to capital","2022","Global","espionage; targeted intrusion; phishing","Conducting state-sponsored intrusion and espionage campaigns attributed to China.","ETDA Threat Actor Encyclopedia attributes Earth Krahang to China; country-level geo used for map pin.","unrated","needs-review","","ETDA Threat Actor Encyclopedia",""
"earth-kurma","Earth Kurma","","state-linked-theft","State-linked Theft","China","Beijing","39.9042","116.4074","Country-level attribution pinned to capital","2020","Global","espionage; targeted intrusion; phishing","Conducting state-sponsored intrusion and espionage campaigns attributed to China.","ETDA Threat Actor Encyclopedia attributes Earth Kurma to China; country-level geo used for map pin.","unrated","needs-review","","ETDA Threat Actor Encyclopedia",""
"earth-lamia","Earth Lamia","","state-linked-theft","State-linked Theft","China","Beijing","39.9042","116.4074","Country-level attribution pinned to capital","2023","Global","espionage; targeted intrusion; phishing","Conducting state-sponsored intrusion and espionage campaigns attributed to China.","ETDA Threat Actor Encyclopedia attributes Earth Lamia to China; country-level geo used for map pin.","unrated","needs-review","","ETDA Threat Actor Encyclopedia",""
"earth-longzhi","Earth Longzhi","","state-linked-theft","State-linked Theft","China","Beijing","39.9042","116.4074","Country-level attribution pinned to capital","2020","Global","espionage; targeted intrusion; phishing","Conducting state-sponsored intrusion and espionage campaigns attributed to China.","ETDA Threat Actor Encyclopedia attributes Earth Longzhi to China; country-level geo used for map pin.","unrated","needs-review","","ETDA Threat Actor Encyclopedia",""
"earth-lusca","Earth Lusca","","state-linked-theft","State-linked Theft","China","Beijing","39.9042","116.4074","Country-level attribution pinned to capital","2019","Global","espionage; targeted intrusion; phishing","Conducting state-sponsored intrusion and espionage campaigns attributed to China.","ETDA Threat Actor Encyclopedia attributes Earth Lusca to China; country-level geo used for map pin.","unrated","needs-review","","ETDA Threat Actor Encyclopedia",""
"earth-minotaur","Earth Minotaur","","state-linked-theft","State-linked Theft","China","Beijing","39.9042","116.4074","Country-level attribution pinned to capital","2019","Global","espionage; targeted intrusion; phishing","Conducting state-sponsored intrusion and espionage campaigns attributed to China.","ETDA Threat Actor Encyclopedia attributes Earth Minotaur to China; country-level geo used for map pin.","unrated","needs-review","","ETDA Threat Actor Encyclopedia",""
"earth-wendigo","Earth Wendigo","","state-linked-theft","State-linked Theft","China","Beijing","39.9042","116.4074","Country-level attribution pinned to capital","2019","Global","espionage; targeted intrusion; phishing","Conducting state-sponsored intrusion and espionage campaigns attributed to China.","ETDA Threat Actor Encyclopedia attributes Earth Wendigo to China; country-level geo used for map pin.","unrated","needs-review","","ETDA Threat Actor Encyclopedia",""
"elephant-beetle","Elephant Beetle","","state-linked-theft","State-linked Theft","Unknown","","","","No confirmed attribution","2020","Global","espionage; targeted intrusion; phishing","Conducting state-sponsored intrusion and espionage campaigns attributed to Unknown.","No confirmed national attribution published; classified as unknown origin pending further research.","unrated","needs-review","","ETDA Threat Actor Encyclopedia",""
"emissary-panda","Emissary Panda","APT 27; LuckyMouse; Bronze Union","state-linked-theft","State-linked Theft","China","Beijing","39.9042","116.4074","Country-level attribution pinned to capital","2010","Global","espionage; targeted intrusion; phishing","Conducting state-sponsored intrusion and espionage campaigns attributed to China.","ETDA Threat Actor Encyclopedia attributes Emissary Panda to China; country-level geo used for map pin.","unrated","needs-review","","ETDA Threat Actor Encyclopedia",""
"empiremonkey","EmpireMonkey","CobaltGoblin","state-linked-theft","State-linked Theft","Unknown","","","","No confirmed attribution","2018","Global","espionage; targeted intrusion; phishing","Conducting state-sponsored intrusion and espionage campaigns attributed to Unknown.","No confirmed national attribution published; classified as unknown origin pending further research.","unrated","needs-review","","ETDA Threat Actor Encyclopedia",""
"equation-group","Equation Group","","state-linked-theft","State-linked Theft","United States","Washington, DC","38.9072","-77.0369","Country-level attribution pinned to capital","2001","Global","nation-state; CNO; zero-days","Conducting state-sponsored intrusion and espionage campaigns attributed to United States.","ETDA Threat Actor Encyclopedia attributes Equation Group to United States; country-level geo used for map pin.","unrated","needs-review","","ETDA Threat Actor Encyclopedia",""
"eset-research","ESET Research","","white-hat","White Hat","Slovakia","Bratislava","48.1486","17.1077","City-level attribution from public reporting","2015","Global","malware research; disruption support; threat intelligence","Publishing influential technical research and frequently participating in multinational disruption efforts against malware and financial crime operations.","ESET identifies Bratislava as its headquarters, and the atlas uses that location for ESET Research as the company’s research organization origin.","unrated","needs-review","","ESET official site",""
"evil-corp","Evil Corp","Indrik Spider; Manatee Tempest; DEV-0243; UNC2165; Dridex crew","banking-theft","Banking Theft","Russia","Moscow","55.7558","37.6173","City-level attribution from public reporting","2009","Global","Dridex; BitPaymer; WastedLocker","Large-scale credential theft, bank fraud, and later ransomware and extortion activity tied to the Dridex, BitPaymer, WastedLocker, and Hades ecosystems.","U.S. Treasury and MITRE ATT&CK reporting describe Evil Corp, also tracked as Indrik Spider, as a Russia-based cybercriminal organization operating from Moscow and evolving from banking malware into major ransomware operations.","unrated","needs-review","","U.S. Treasury / MITRE ATT&CK",""
"evilnum","Evilnum","","state-linked-theft","State-linked Theft","Unknown","","","","No confirmed attribution","2018","Global","espionage; targeted intrusion; phishing","Conducting state-sponsored intrusion and espionage campaigns attributed to Unknown.","No confirmed national attribution published; classified as unknown origin pending further research.","unrated","needs-review","","ETDA Threat Actor Encyclopedia",""
"ferocious-kitten","Ferocious Kitten","","state-linked-theft","State-linked Theft","Iran","Tehran","35.6892","51.389","Country-level attribution pinned to capital","2015","Global","espionage; targeted intrusion; phishing","Conducting state-sponsored intrusion and espionage campaigns attributed to Iran.","ETDA Threat Actor Encyclopedia attributes Ferocious Kitten to Iran; country-level geo used for map pin.","unrated","needs-review","","ETDA Threat Actor Encyclopedia",""
"fin10","FIN10","","banking-theft","Banking Theft","Unknown","","","","No confirmed attribution","2016","Global","banking malware; financial theft; credential theft","Executing financially motivated banking malware, credential theft, and fraud operations.","No confirmed national attribution published; classified as unknown origin pending further research.","unrated","needs-review","","ETDA Threat Actor Encyclopedia",""
"fin11","FIN11","","banking-theft","Banking Theft","Unknown","","","","No confirmed attribution","2016","Global","banking malware; financial theft; credential theft","Executing financially motivated banking malware, credential theft, and fraud operations.","No confirmed national attribution published; classified as unknown origin pending further research.","unrated","needs-review","","ETDA Threat Actor Encyclopedia",""
"fin13","FIN13","","banking-theft","Banking Theft","Unknown","","","","No confirmed attribution","2016","Global","banking malware; financial theft; credential theft","Executing financially motivated banking malware, credential theft, and fraud operations.","No confirmed national attribution published; classified as unknown origin pending further research.","unrated","needs-review","","ETDA Threat Actor Encyclopedia",""
"fin4","FIN4","Wolf Spider","state-linked-theft","State-linked Theft","Romania","Bucharest","44.4268","26.1025","Country-level attribution pinned to capital","2013","Regional","espionage; targeted intrusion; phishing","Conducting state-sponsored intrusion and espionage campaigns attributed to Romania.","ETDA Threat Actor Encyclopedia attributes FIN4 to Romania; country-level geo used for map pin.","unrated","needs-review","","ETDA Threat Actor Encyclopedia",""
"fin5","FIN5","","carding","Carding","Russia","Moscow","55.7558","37.6173","Country-level attribution pinned to capital","2008","Global","card theft; PII theft; hospitality targeting","Stealing payment card and personal data from hospitality, gaming, and retail-adjacent targets as part of a long-running financially motivated intrusion program.","MITRE ATT&CK describes FIN5 as a financially motivated group whose operators likely speak Russian; the atlas represents that recurring public attribution trend with a country-level Russia pin.","unrated","needs-review","","MITRE ATT&CK, updated Apr 2025",""
"fin6","FIN6","Skeleton Spider; Magecart Group 6; Camouflage Tempest","carding","Carding","Russia","Moscow","55.7558","37.6173","Country-level attribution pinned to capital","2012","Global","POS theft; carding; retail targeting","Specializing in payment-card theft and monetization, especially through PoS compromises and follow-on underground sales of stolen data.","MITRE ATT&CK tracks FIN6 as a major cybercrime group; open reporting often places its ecosystem in the Russian-speaking cybercrime scene, which this atlas reflects as a cautious country-level Russia inference.","unrated","needs-review","","MITRE ATT&CK / public reporting",""
"fin7","FIN7","Carbon Spider; GOLD NIAGARA; Carbanak-linked","carding","Carding","Ukraine","Kyiv","50.4501","30.5234","Country-level attribution pinned to capital","2013","Global","POS intrusions; front company","Stealing payment-card data from retail and hospitality targets before expanding into big-game hunting ransomware operations.","MITRE tracks FIN7 as financially motivated and says part of the group operated through the Combi Security front company; DOJ cases charged multiple Ukrainian nationals.","unrated","needs-review","","MITRE ATT&CK / DOJ",""
"fin8","FIN8","","banking-theft","Banking Theft","Unknown","","","","No confirmed attribution","2016","Global","banking malware; financial theft; credential theft","Executing financially motivated banking malware, credential theft, and fraud operations.","No confirmed national attribution published; classified as unknown origin pending further research.","unrated","needs-review","","ETDA Threat Actor Encyclopedia",""
"fishing-elephant","Fishing Elephant","","state-linked-theft","State-linked Theft","Unknown","","","","No confirmed attribution","2019","Global","espionage; targeted intrusion; phishing","Conducting state-sponsored intrusion and espionage campaigns attributed to Unknown.","No confirmed national attribution published; classified as unknown origin pending further research.","unrated","needs-review","","ETDA Threat Actor Encyclopedia",""
"flax-typhoon","Flax Typhoon","","state-linked-theft","State-linked Theft","China","Beijing","39.9042","116.4074","Country-level attribution pinned to capital","2021","Global","espionage; targeted intrusion; phishing","Conducting state-sponsored intrusion and espionage campaigns attributed to China.","ETDA Threat Actor Encyclopedia attributes Flax Typhoon to China; country-level geo used for map pin.","unrated","needs-review","","ETDA Threat Actor Encyclopedia",""
"flying-kitten","Flying Kitten","Ajax Security Team","state-linked-theft","State-linked Theft","Iran","Tehran","35.6892","51.389","Country-level attribution pinned to capital","2010","Global","espionage; targeted intrusion; phishing","Conducting state-sponsored intrusion and espionage campaigns attributed to Iran.","ETDA Threat Actor Encyclopedia attributes Flying Kitten to Iran; country-level geo used for map pin.","unrated","needs-review","","ETDA Threat Actor Encyclopedia",""
"funnydream","FunnyDream","","state-linked-theft","State-linked Theft","China","Beijing","39.9042","116.4074","Country-level attribution pinned to capital","2018","Global","espionage; targeted intrusion; phishing","Conducting state-sponsored intrusion and espionage campaigns attributed to China.","ETDA Threat Actor Encyclopedia attributes FunnyDream to China; country-level geo used for map pin.","unrated","needs-review","","ETDA Threat Actor Encyclopedia",""
"fxmsp","Fxmsp","","cybercrime","Cybercrime","Kazakhstan","Astana","51.1801","71.446","Country-level attribution pinned to capital","2016","Regional","data theft; extortion; credential market","Executing data theft, credential harvesting, and criminal extortion operations.","ETDA Threat Actor Encyclopedia attributes Fxmsp to Kazakhstan; country-level geo used for map pin.","unrated","needs-review","","ETDA Threat Actor Encyclopedia",""
"gallium","Gallium","","state-linked-theft","State-linked Theft","China","Beijing","39.9042","116.4074","Country-level attribution pinned to capital","2018","Global","espionage; targeted intrusion; phishing","Conducting state-sponsored intrusion and espionage campaigns attributed to China.","ETDA Threat Actor Encyclopedia attributes Gallium to China; country-level geo used for map pin.","unrated","needs-review","","ETDA Threat Actor Encyclopedia",""
"gallmaker","Gallmaker","","state-linked-theft","State-linked Theft","Unknown","","","","No confirmed attribution","2017","Global","espionage; targeted intrusion; phishing","Conducting state-sponsored intrusion and espionage campaigns attributed to Unknown.","No confirmed national attribution published; classified as unknown origin pending further research.","unrated","needs-review","","ETDA Threat Actor Encyclopedia",""
"gamaredon-group","Gamaredon Group","Shuckworm; Primitive Bear; Armageddon; ACTINIUM; DEV-0157; Aqua Blizzard","state-linked-theft","State-linked Theft","Russia","Moscow","55.7558","37.6173","Country-level attribution pinned to capital","2013","Regional","Eastern Europe; espionage; Ukraine targeting","Conducting high-volume, persistent espionage operations against military, law enforcement, and civil-society targets in Ukraine through fast-iterating malware and lures.","MITRE ATT&CK and public Ukrainian government attribution describe Gamaredon Group as a suspected Russian espionage actor later publicly tied to the FSB.","unrated","needs-review","","MITRE ATT&CK, updated Oct 2025",""
"gambleforce","GambleForce","","state-linked-theft","State-linked Theft","China","Beijing","39.9042","116.4074","Country-level attribution pinned to capital","2023","Global","espionage; targeted intrusion; phishing","Conducting state-sponsored intrusion and espionage campaigns attributed to China.","ETDA Threat Actor Encyclopedia attributes GambleForce to China; country-level geo used for map pin.","unrated","needs-review","","ETDA Threat Actor Encyclopedia",""
"gangnam-industrial-style","Gangnam Industrial Style","","state-linked-theft","State-linked Theft","Unknown","","","","No confirmed attribution","2019","Global","espionage; targeted intrusion; phishing","Conducting state-sponsored intrusion and espionage campaigns attributed to Unknown.","No confirmed national attribution published; classified as unknown origin pending further research.","unrated","needs-review","","ETDA Threat Actor Encyclopedia",""
"gchq","GCHQ","","state-linked-theft","State-linked Theft","United Kingdom","London","51.5074","-0.1278","Country-level attribution pinned to capital","1919","Global","nation-state; CNO; zero-days","Conducting state-sponsored intrusion and espionage campaigns attributed to United Kingdom.","ETDA Threat Actor Encyclopedia attributes GCHQ to United Kingdom; country-level geo used for map pin.","unrated","needs-review","","ETDA Threat Actor Encyclopedia",""
"gcman","GCMAN","","banking-theft","Banking Theft","Russia","Moscow","55.7558","37.6173","Country-level attribution pinned to capital","2016","Global","banking malware; financial theft; credential theft","Executing financially motivated banking malware, credential theft, and fraud operations.","ETDA Threat Actor Encyclopedia attributes GCMAN to Russia; country-level geo used for map pin.","unrated","needs-review","","ETDA Threat Actor Encyclopedia",""
"gelsemium","Gelsemium","","state-linked-theft","State-linked Theft","China","Beijing","39.9042","116.4074","Country-level attribution pinned to capital","2014","Global","espionage; targeted intrusion; phishing","Conducting state-sponsored intrusion and espionage campaigns attributed to China.","ETDA Threat Actor Encyclopedia attributes Gelsemium to China; country-level geo used for map pin.","unrated","needs-review","","ETDA Threat Actor Encyclopedia",""
"ghostnet","GhostNet","Snooping Dragon","state-linked-theft","State-linked Theft","China","Beijing","39.9042","116.4074","Country-level attribution pinned to capital","2009","Global","espionage; targeted intrusion; phishing","Conducting state-sponsored intrusion and espionage campaigns attributed to China.","ETDA Threat Actor Encyclopedia attributes GhostNet to China; country-level geo used for map pin.","unrated","needs-review","","ETDA Threat Actor Encyclopedia",""
"gnosticplayers","Gnosticplayers","","cybercrime","Cybercrime","Pakistan","Islamabad","33.6844","73.0479","Country-level attribution pinned to capital","2019","Global","data theft; extortion; credential market","Executing data theft, credential harvesting, and criminal extortion operations.","ETDA Threat Actor Encyclopedia attributes Gnosticplayers to Pakistan; country-level geo used for map pin.","unrated","needs-review","","ETDA Threat Actor Encyclopedia",""
"goblin-panda","Goblin Panda","Cycldek; Conimes","state-linked-theft","State-linked Theft","China","Beijing","39.9042","116.4074","Country-level attribution pinned to capital","2013","Global","espionage; targeted intrusion; phishing","Conducting state-sponsored intrusion and espionage campaigns attributed to China.","ETDA Threat Actor Encyclopedia attributes Goblin Panda to China; country-level geo used for map pin.","unrated","needs-review","","ETDA Threat Actor Encyclopedia",""
"gold-barondale","GOLD BARONDALE","","access-brokerage","Access Brokerage","China","Beijing","39.9042","116.4074","Country-level attribution pinned to capital","2022","Global","opportunistic exploitation; initial access","Compromising internet-facing systems at scale and monetizing intrusions after opportunistic scanning and exploitation.","Secureworks assesses with moderate confidence that GOLD BARONDALE is based in China.","unrated","needs-review","","Secureworks CTU",""
"gold-galleon","GOLD GALLEON","","bec-fraud","BEC / Fraud","Nigeria","Abuja","9.0765","7.3986","Country-level attribution pinned to capital","2017","Global","maritime BEC; credential theft","Running BEC schemes against shipping and maritime organizations, often intercepting invoices and payment instructions.","Secureworks assesses with high confidence that GOLD GALLEON is based in Nigeria.","unrated","needs-review","","Secureworks CTU, Apr 2018 / profile",""
"gold-parakeet","GOLD PARAKEET","NetWalker operators","ransomware","Ransomware","Russia","Moscow","55.7558","37.6173","Country-level attribution pinned to capital","2019","Global","NetWalker; RaaS; double extortion","Operating the NetWalker ransomware program and evolving it into a ransomware-as-a-service model with large-scale data-theft extortion.","Secureworks attributes GOLD PARAKEET to Russian cyber threat actors with moderate confidence; the atlas keeps that wording cautious and uses a country-level Russia pin.","unrated","needs-review","","Secureworks CTU",""
"gold-skyline","GOLD SKYLINE","Wire-Wire Group 1","bec-fraud","BEC / Fraud","Nigeria","Abuja","9.0765","7.3986","Country-level attribution pinned to capital","2016","Global","BEC; wire fraud","Stealing high-value wire transfers through business email compromise, spoofing, and social engineering.","Secureworks describes GOLD SKYLINE as a financially motivated group operating from Nigeria.","unrated","needs-review","","Secureworks CTU",""
"gold-symphony","GOLD SYMPHONY","","access-brokerage","Access Brokerage","Russia","Moscow","55.7558","37.6173","Country-level attribution pinned to capital","2019","Global","Buer Loader; malware-as-a-service","Developing and selling the Buer Loader malware-as-a-service ecosystem used to deliver follow-on payloads for financially motivated intrusions.","Secureworks assesses with high confidence that GOLD SYMPHONY is likely based in Russia, which this atlas represents with a country-level Moscow pin.","unrated","needs-review","","Secureworks CTU",""
"gold-waterfall","GOLD WATERFALL","DarkSide operators; BlackMatter operators","ransomware","Ransomware","Russia","Moscow","55.7558","37.6173","Country-level attribution pinned to capital","2020","Global","RaaS; double extortion; Russian-language","Creating and operating the DarkSide and BlackMatter ransomware families, including high-profile extortion campaigns against critical enterprises.","Secureworks says GOLD WATERFALL advertises in Russian, requires affiliates to speak Russian, and excludes Russia and nearby allies from targeting; the atlas maps that activity to Russia at country level.","unrated","needs-review","","Secureworks CTU",""
"goldenjackal","GoldenJackal","","state-linked-theft","State-linked Theft","Unknown","","","","No confirmed attribution","2019","Global","espionage; targeted intrusion; phishing","Conducting state-sponsored intrusion and espionage campaigns attributed to Unknown.","No confirmed national attribution published; classified as unknown origin pending further research.","unrated","needs-review","","ETDA Threat Actor Encyclopedia",""
"goldmouse","Goldmouse","APT-C-27","state-linked-theft","State-linked Theft","Syria","Damascus","33.5138","36.2765","Country-level attribution pinned to capital","2014","Regional","espionage; targeted intrusion; phishing","Conducting state-sponsored intrusion and espionage campaigns attributed to Syria.","ETDA Threat Actor Encyclopedia attributes Goldmouse to Syria; country-level geo used for map pin.","unrated","needs-review","","ETDA Threat Actor Encyclopedia",""
"google-threat-intelligence","Google Threat Intelligence","","white-hat","White Hat","United States","Mountain View","37.3861","-122.0839","City-level attribution from public reporting","2024","Global","threat intelligence; zero-days; research","Publishing prominent frontline reporting on state and criminal actors, zero-day exploitation trends, and threat activity affecting global enterprises and governments.","Google Cloud currently markets this work under the Google Threat Intelligence brand, with GTIG research and Mandiant intelligence offerings presented inside that umbrella; the pin uses Google's official Mountain View headquarters as the organization origin.","unrated","needs-review","","Google Cloud",""
"gorgon-group","Gorgon Group","","hybrid","Hybrid","Pakistan","Islamabad","33.6844","73.0479","Country-level attribution pinned to capital","2018","Regional","criminal + targeted; phishing","Running mixed campaigns that blend financially motivated intrusions with more targeted operations against government and business victims.","MITRE ATT&CK assesses the group as Pakistan-based or otherwise connected to Pakistan.","unrated","needs-review","","MITRE ATT&CK, updated Apr 2025",""
"grandoreiro","Grandoreiro","Grandoreiro operation","banking-theft","Banking Theft","Brazil","Brasilia","-15.7939","-47.8828","Country-level attribution pinned to capital","2017","Regional","banking trojan; phishing","Targeting banks in Latin America and Europe with malware that supports manual fraud, screen blocking, and operator-driven theft.","ESET and Brazil’s Federal Police publicly tied the operation to Brazilian operators during the 2024 disruption effort.","unrated","needs-review","","ESET / Brazil Federal Police",""
"grayling","Grayling","","state-linked-theft","State-linked Theft","Unknown","","","","No confirmed attribution","2023","Global","espionage; targeted intrusion; phishing","Conducting state-sponsored intrusion and espionage campaigns attributed to Unknown.","No confirmed national attribution published; classified as unknown origin pending further research.","unrated","needs-review","","ETDA Threat Actor Encyclopedia",""
"greenbug","Greenbug","Volatile Kitten","state-linked-theft","State-linked Theft","Iran","Tehran","35.6892","51.389","Country-level attribution pinned to capital","2016","Global","espionage; targeted intrusion; phishing","Conducting state-sponsored intrusion and espionage campaigns attributed to Iran.","ETDA Threat Actor Encyclopedia attributes Greenbug to Iran; country-level geo used for map pin.","unrated","needs-review","","ETDA Threat Actor Encyclopedia",""
"greencharlie","GreenCharlie","","state-linked-theft","State-linked Theft","Iran","Tehran","35.6892","51.389","Country-level attribution pinned to capital","2020","Global","espionage; targeted intrusion; phishing","Conducting state-sponsored intrusion and espionage campaigns attributed to Iran.","ETDA Threat Actor Encyclopedia attributes GreenCharlie to Iran; country-level geo used for map pin.","unrated","needs-review","","ETDA Threat Actor Encyclopedia",""
"group5","Group5","","state-linked-theft","State-linked Theft","Iran","Tehran","35.6892","51.389","Country-level attribution pinned to capital","2015","Global","espionage; targeted intrusion; phishing","Conducting state-sponsored intrusion and espionage campaigns attributed to Iran.","ETDA Threat Actor Encyclopedia attributes Group5 to Iran; country-level geo used for map pin.","unrated","needs-review","","ETDA Threat Actor Encyclopedia",""
"guildma","Guildma","Astaroth-linked family","banking-theft","Banking Theft","Brazil","Brasilia","-15.7939","-47.8828","Country-level attribution pinned to capital","2015","Regional","banking trojan; credential theft","Stealing banking and account credentials at high volume in Brazil and across Latin America through email-delivered malware.","ESET identifies Guildma as one of the most impactful Latin American banking trojans and reports concentrated activity against Brazil.","unrated","needs-review","","ESET, Mar 2020",""
"guru-spider","Guru Spider","","state-linked-theft","State-linked Theft","Russia","Moscow","55.7558","37.6173","Country-level attribution pinned to capital","2014","Global","espionage; targeted intrusion; phishing","Conducting state-sponsored intrusion and espionage campaigns attributed to Russia.","ETDA Threat Actor Encyclopedia attributes Guru Spider to Russia; country-level geo used for map pin.","unrated","needs-review","","ETDA Threat Actor Encyclopedia",""
"hacking-team","Hacking Team","","darknet-market","Darknet Market","Italy","Rome","41.9028","12.4964","Country-level attribution pinned to capital","2003","Global","surveillance tools; illicit services","Providing commercial surveillance tools, exploit services, or illicit marketplace infrastructure.","ETDA Threat Actor Encyclopedia attributes Hacking Team to Italy; country-level geo used for map pin.","unrated","needs-review","","ETDA Threat Actor Encyclopedia",""
"hades","Hades","","state-linked-theft","State-linked Theft","Russia","Moscow","55.7558","37.6173","Country-level attribution pinned to capital","2017","Global","espionage; targeted intrusion; phishing","Conducting state-sponsored intrusion and espionage campaigns attributed to Russia.","ETDA Threat Actor Encyclopedia attributes Hades to Russia; country-level geo used for map pin.","unrated","needs-review","","ETDA Threat Actor Encyclopedia",""
"hafnium","Hafnium","","state-linked-theft","State-linked Theft","China","Beijing","39.9042","116.4074","Country-level attribution pinned to capital","2021","Global","espionage; targeted intrusion; phishing","Conducting state-sponsored intrusion and espionage campaigns attributed to China.","ETDA Threat Actor Encyclopedia attributes Hafnium to China; country-level geo used for map pin.","unrated","needs-review","","ETDA Threat Actor Encyclopedia",""
"handala-hack-team","Handala Hack Team","","hacktivist","Hacktivist","Unknown","","","","No confirmed attribution","2023","Global","hacktivism; disruption; defacement","Carrying out politically motivated disruptions, defacements, and data leak operations.","No confirmed national attribution published; classified as unknown origin pending further research.","unrated","needs-review","","ETDA Threat Actor Encyclopedia",""
"harvester","Harvester","","state-linked-theft","State-linked Theft","Unknown","","","","No confirmed attribution","2021","Global","espionage; targeted intrusion; phishing","Conducting state-sponsored intrusion and espionage campaigns attributed to Unknown.","No confirmed national attribution published; classified as unknown origin pending further research.","unrated","needs-review","","ETDA Threat Actor Encyclopedia",""
"hexane","Hexane","","state-linked-theft","State-linked Theft","Iran","Tehran","35.6892","51.389","Country-level attribution pinned to capital","2017","Global","espionage; targeted intrusion; phishing","Conducting state-sponsored intrusion and espionage campaigns attributed to Iran.","ETDA Threat Actor Encyclopedia attributes Hexane to Iran; country-level geo used for map pin.","unrated","needs-review","","ETDA Threat Actor Encyclopedia",""
"hidden-lynx","Hidden Lynx","Aurora Panda","state-linked-theft","State-linked Theft","China","Beijing","39.9042","116.4074","Country-level attribution pinned to capital","2009","Global","espionage; targeted intrusion; phishing","Conducting state-sponsored intrusion and espionage campaigns attributed to China.","ETDA Threat Actor Encyclopedia attributes Hidden Lynx to China; country-level geo used for map pin.","unrated","needs-review","","ETDA Threat Actor Encyclopedia",""
"hitcon","HITCON","Hacks in Taiwan Conference; HITCON CTF Team","white-hat","White Hat","Taiwan","Taipei","25.033","121.5654","City-level attribution from public reporting","2005","Regional","CTF; APT defense; vulnerability research; security community","Operating Taiwan's premier white hat security community, running one of the most respected CTF teams in international competition, and providing frontline defensive research against the persistent APT campaigns targeting Taiwan's critical infrastructure and semiconductor industry.","HITCON is publicly described as Taiwan's most prominent ethical hacking and security research community, founded in Taipei and recognized for top-tier CTF competition results including placements at DEF CON.","unrated","needs-review","","Taipei Times / public reporting",""
"homeland-justice","HomeLand Justice","","state-linked-theft","State-linked Theft","Iran","Tehran","35.6892","51.389","Country-level attribution pinned to capital","2022","Global","espionage; targeted intrusion; phishing","Conducting state-sponsored intrusion and espionage campaigns attributed to Iran.","ETDA Threat Actor Encyclopedia attributes HomeLand Justice to Iran; country-level geo used for map pin.","unrated","needs-review","","ETDA Threat Actor Encyclopedia",""
"honeybee","Honeybee","","state-linked-theft","State-linked Theft","Unknown","","","","No confirmed attribution","2017","Global","espionage; targeted intrusion; phishing","Conducting state-sponsored intrusion and espionage campaigns attributed to Unknown.","No confirmed national attribution published; classified as unknown origin pending further research.","unrated","needs-review","","ETDA Threat Actor Encyclopedia",""
"huntress","Huntress","","white-hat","White Hat","United States","Columbia","39.2037","-76.861","City-level attribution from public reporting","2015","Global","managed detection; threat hunting; community reporting","Combining managed detection with rapid public writeups and incident guidance aimed especially at organizations without large internal security teams.","Huntress official releases identify the company with Columbia, Maryland, which this atlas uses as the organization origin point.","unrated","needs-review","","Huntress official site",""
"hurricane-panda","Hurricane Panda","","state-linked-theft","State-linked Theft","China","Beijing","39.9042","116.4074","Country-level attribution pinned to capital","2013","Global","espionage; targeted intrusion; phishing","Conducting state-sponsored intrusion and espionage campaigns attributed to China.","ETDA Threat Actor Encyclopedia attributes Hurricane Panda to China; country-level geo used for map pin.","unrated","needs-review","","ETDA Threat Actor Encyclopedia",""
"hydra-market","Hydra Market","Hydra","darknet-market","Darknet Market","Russia","Moscow","55.7558","37.6173","Country-level attribution pinned to capital","2015","Regional","darknet marketplace; criminal services","Serving Russian-speaking criminal users with illicit goods, stolen data, money-laundering services, and hacking tools.","The DOJ described Hydra as the largest darknet market at the time of its 2022 seizure and linked it to a Russian resident.","unrated","needs-review","","DOJ, Apr 2022",""
"hydrochasma","Hydrochasma","","state-linked-theft","State-linked Theft","Unknown","","","","No confirmed attribution","2022","Global","espionage; targeted intrusion; phishing","Conducting state-sponsored intrusion and espionage campaigns attributed to Unknown.","No confirmed national attribution published; classified as unknown origin pending further research.","unrated","needs-review","","ETDA Threat Actor Encyclopedia",""
"iamtheking","IAmTheKing","","state-linked-theft","State-linked Theft","Russia","Moscow","55.7558","37.6173","Country-level attribution pinned to capital","2018","Global","espionage; targeted intrusion; phishing","Conducting state-sponsored intrusion and espionage campaigns attributed to Russia.","ETDA Threat Actor Encyclopedia attributes IAmTheKing to Russia; country-level geo used for map pin.","unrated","needs-review","","ETDA Threat Actor Encyclopedia",""
"icefog","Icefog","Dagger Panda","state-linked-theft","State-linked Theft","China","Beijing","39.9042","116.4074","Country-level attribution pinned to capital","2011","Global","espionage; targeted intrusion; phishing","Conducting state-sponsored intrusion and espionage campaigns attributed to China.","ETDA Threat Actor Encyclopedia attributes Icefog to China; country-level geo used for map pin.","unrated","needs-review","","ETDA Threat Actor Encyclopedia",""
"inception-framework","Inception Framework","Cloud Atlas","state-linked-theft","State-linked Theft","Russia","Moscow","55.7558","37.6173","Country-level attribution pinned to capital","2012","Global","espionage; targeted intrusion; phishing","Conducting state-sponsored intrusion and espionage campaigns attributed to Russia.","ETDA Threat Actor Encyclopedia attributes Inception Framework to Russia; country-level geo used for map pin.","unrated","needs-review","","ETDA Threat Actor Encyclopedia",""
"indian-cyber-force","Indian Cyber Force","ICF","hacktivist","Hacktivist","India","New Delhi","28.6139","77.209","Country-level attribution pinned to capital","2022","Regional","DDoS; defacement; pro-India; patriotic hacktivism","Conducting politically motivated DDoS attacks and website defacements against Pakistani, Chinese, and other adversarial targets, operating as one of India's most active patriotic hacktivist collectives.","Indian Cyber Force is a self-identified Indian patriotic hacktivist group; public reporting describes it as conducting retaliatory and politically motivated attacks rather than neutral white-hat activity.","unrated","needs-review","","Radware / public reporting",""
"indigozebra","IndigoZebra","","state-linked-theft","State-linked Theft","China","Beijing","39.9042","116.4074","Country-level attribution pinned to capital","2014","Global","espionage; targeted intrusion; phishing","Conducting state-sponsored intrusion and espionage campaigns attributed to China.","ETDA Threat Actor Encyclopedia attributes IndigoZebra to China; country-level geo used for map pin.","unrated","needs-review","","ETDA Threat Actor Encyclopedia",""
"indra","Indra","","state-linked-theft","State-linked Theft","Unknown","","","","No confirmed attribution","2019","Global","espionage; targeted intrusion; phishing","Conducting state-sponsored intrusion and espionage campaigns attributed to Unknown.","No confirmed national attribution published; classified as unknown origin pending further research.","unrated","needs-review","","ETDA Threat Actor Encyclopedia",""
"infraud-organization","Infraud Organization","","financial-fraud","Financial Fraud","Various","","","","Multi-country criminal organization","2010","Global","BEC; financial fraud; wire theft","Pursuing BEC, wire fraud, and financial-theft operations for criminal profit.","No confirmed national attribution published; classified as unknown origin pending further research.","unrated","needs-review","","ETDA Threat Actor Encyclopedia",""
"infy","Infy","Prince of Persia","state-linked-theft","State-linked Theft","Iran","Tehran","35.6892","51.389","Country-level attribution pinned to capital","2007","Global","espionage; targeted intrusion; phishing","Conducting state-sponsored intrusion and espionage campaigns attributed to Iran.","ETDA Threat Actor Encyclopedia attributes Infy to Iran; country-level geo used for map pin.","unrated","needs-review","","ETDA Threat Actor Encyclopedia",""
"insikt-group","Insikt Group","","white-hat","White Hat","United States","Somerville","42.3876","-71.0995","City-level attribution from public reporting","2019","Global","threat research; OSINT; intelligence reports","Producing widely cited intelligence on cybercriminal ecosystems, state activity, vulnerabilities, and geopolitical risk through Recorded Future.","Recorded Future describes Insikt Group as its premier intelligence team and lists a Somerville, Massachusetts office on its official contact page.","unrated","needs-review","","Recorded Future",""
"invisimole","InvisiMole","","state-linked-theft","State-linked Theft","Russia","Moscow","55.7558","37.6173","Country-level attribution pinned to capital","2013","Global","espionage; targeted intrusion; phishing","Conducting state-sponsored intrusion and espionage campaigns attributed to Russia.","ETDA Threat Actor Encyclopedia attributes InvisiMole to Russia; country-level geo used for map pin.","unrated","needs-review","","ETDA Threat Actor Encyclopedia",""
"ironhusky","IronHusky","","state-linked-theft","State-linked Theft","China","Beijing","39.9042","116.4074","Country-level attribution pinned to capital","2017","Global","espionage; targeted intrusion; phishing","Conducting state-sponsored intrusion and espionage campaigns attributed to China.","ETDA Threat Actor Encyclopedia attributes IronHusky to China; country-level geo used for map pin.","unrated","needs-review","","ETDA Threat Actor Encyclopedia",""
"itg18","ITG18","","state-linked-theft","State-linked Theft","Iran","Tehran","35.6892","51.389","Country-level attribution pinned to capital","2013","Global","espionage; targeted intrusion; phishing","Conducting state-sponsored intrusion and espionage campaigns attributed to Iran.","ETDA Threat Actor Encyclopedia attributes ITG18 to Iran; country-level geo used for map pin.","unrated","needs-review","","ETDA Threat Actor Encyclopedia",""
"jpcert-cc","JPCERT/CC","","white-hat","White Hat","Japan","Tokyo","35.6762","139.6503","City-level attribution from public reporting","1996","Regional","CSIRT; coordination; Asia Pacific","Serving as Japan's long-running incident coordination center and playing a central role in regional CSIRT collaboration, vulnerability handling, and threat analysis.","JPCERT/CC identifies itself as Japan's first CSIRT and lists its office address in Tokyo, which the atlas uses as its organization origin.","unrated","needs-review","","JPCERT/CC official site",""
"karakurt","Karakurt","","cybercrime","Cybercrime","Unknown","","","","No confirmed attribution","2021","Global","data theft; extortion; credential market","Executing data theft, credential harvesting, and criminal extortion operations.","No confirmed national attribution published; classified as unknown origin pending further research.","unrated","needs-review","","ETDA Threat Actor Encyclopedia",""
"karkadann","Karkadann","","state-linked-theft","State-linked Theft","Unknown","","","","No confirmed attribution","2020","Global","espionage; targeted intrusion; phishing","Conducting state-sponsored intrusion and espionage campaigns attributed to Unknown.","No confirmed national attribution published; classified as unknown origin pending further research.","unrated","needs-review","","ETDA Threat Actor Encyclopedia",""
"ke3chang","Ke3chang","Vixen Panda; APT 15; GREF; Playful Dragon","state-linked-theft","State-linked Theft","China","Beijing","39.9042","116.4074","Country-level attribution pinned to capital","2010","Global","espionage; targeted intrusion; phishing","Conducting state-sponsored intrusion and espionage campaigns attributed to China.","ETDA Threat Actor Encyclopedia attributes Ke3chang to China; country-level geo used for map pin.","unrated","needs-review","","ETDA Threat Actor Encyclopedia",""
"kimsuky","Kimsuky","Velvet Chollima","state-linked-theft","State-linked Theft","North Korea","Pyongyang","39.0392","125.7625","Country-level attribution pinned to capital","2012","Global","espionage; targeted intrusion; phishing","Conducting state-sponsored intrusion and espionage campaigns attributed to North Korea.","ETDA Threat Actor Encyclopedia attributes Kimsuky to North Korea; country-level geo used for map pin.","unrated","needs-review","","ETDA Threat Actor Encyclopedia",""
"lancefly","Lancefly","","state-linked-theft","State-linked Theft","Unknown","","","","No confirmed attribution","2018","Global","espionage; targeted intrusion; phishing","Conducting state-sponsored intrusion and espionage campaigns attributed to Unknown.","No confirmed national attribution published; classified as unknown origin pending further research.","unrated","needs-review","","ETDA Threat Actor Encyclopedia",""
"lapsus","LAPSUS$","DEV-0537; Strawberry Tempest","hybrid","Hybrid","Brazil","Brasilia","-15.7939","-47.8828","Country-level attribution pinned to capital","2021","Global","extortion; social engineering; data theft","Using aggressive social engineering, insider recruitment, SIM swapping, and public leak tactics to hit globally recognized technology and telecom targets.","Public reporting and arrests have linked prominent LAPSUS$ members to Brazil and the UK; this atlas uses Brazil as the strongest country-level origin inference and pins to Brasilia for consistency.","unrated","needs-review","","MITRE ATT&CK / public reporting",""
"lazarus-group","Lazarus Group","HIDDEN COBRA; Diamond Sleet; ZINC","state-linked-theft","State-linked Theft","North Korea","Pyongyang","39.0392","125.7625","Country-level attribution pinned to capital","2009","Global","crypto theft; state-backed","Conducting destructive attacks, espionage, and high-value cryptocurrency theft campaigns attributed to North Korea.","MITRE ATT&CK tracks Lazarus as a North Korean state-sponsored group tied to the Reconnaissance General Bureau.","unrated","needs-review","","MITRE ATT&CK",""
"lazyscripter","LazyScripter","","state-linked-theft","State-linked Theft","Unknown","","","","No confirmed attribution","2018","Global","espionage; targeted intrusion; phishing","Conducting state-sponsored intrusion and espionage campaigns attributed to Unknown.","No confirmed national attribution published; classified as unknown origin pending further research.","unrated","needs-review","","ETDA Threat Actor Encyclopedia",""
"lead","Lead","","state-linked-theft","State-linked Theft","China","Beijing","39.9042","116.4074","Country-level attribution pinned to capital","2016","Global","espionage; targeted intrusion; phishing","Conducting state-sponsored intrusion and espionage campaigns attributed to China.","ETDA Threat Actor Encyclopedia attributes Lead to China; country-level geo used for map pin.","unrated","needs-review","","ETDA Threat Actor Encyclopedia",""
"leafminer","Leafminer","Raspite","state-linked-theft","State-linked Theft","Iran","Tehran","35.6892","51.389","Country-level attribution pinned to capital","2017","Global","espionage; targeted intrusion; phishing","Conducting state-sponsored intrusion and espionage campaigns attributed to Iran.","ETDA Threat Actor Encyclopedia attributes Leafminer to Iran; country-level geo used for map pin.","unrated","needs-review","","ETDA Threat Actor Encyclopedia",""
"leetmx","leetMX","","state-linked-theft","State-linked Theft","Mexico","Mexico City","19.4326","-99.1332","Country-level attribution pinned to capital","2016","Regional","espionage; targeted intrusion; phishing","Conducting state-sponsored intrusion and espionage campaigns attributed to Mexico.","ETDA Threat Actor Encyclopedia attributes leetMX to Mexico; country-level geo used for map pin.","unrated","needs-review","","ETDA Threat Actor Encyclopedia",""
"libyan-scorpions","Libyan Scorpions","","state-linked-theft","State-linked Theft","Libya","Tripoli","32.904","13.1805","Country-level attribution pinned to capital","2015","Regional","espionage; targeted intrusion; phishing","Conducting state-sponsored intrusion and espionage campaigns attributed to Libya.","ETDA Threat Actor Encyclopedia attributes Libyan Scorpions to Libya; country-level geo used for map pin.","unrated","needs-review","","ETDA Threat Actor Encyclopedia",""
"lightbasin","LightBasin","","state-linked-theft","State-linked Theft","China","Beijing","39.9042","116.4074","Country-level attribution pinned to capital","2016","Global","espionage; targeted intrusion; phishing","Conducting state-sponsored intrusion and espionage campaigns attributed to China.","ETDA Threat Actor Encyclopedia attributes LightBasin to China; country-level geo used for map pin.","unrated","needs-review","","ETDA Threat Actor Encyclopedia",""
"lockbit","LockBit","LockBitSupp; GOLD MYSTIC","ransomware","Ransomware","Russia","Moscow","55.7558","37.6173","Country-level attribution pinned to capital","2019","Global","RaaS; double extortion","Operating one of the most prolific ransomware-as-a-service programs on record, with thousands of victims across more than 100 countries.","U.S. prosecutors identified Russian national Dmitry Khoroshev as LockBit’s alleged developer and administrator in 2024.","unrated","needs-review","","DOJ, May 2024",""
"longhorn","Longhorn","The Lamberts","state-linked-theft","State-linked Theft","United States","Washington, DC","38.9072","-77.0369","Country-level attribution pinned to capital","2009","Global","espionage; targeted intrusion; phishing","Conducting state-sponsored intrusion and espionage campaigns attributed to United States.","ETDA Threat Actor Encyclopedia attributes Longhorn to United States; country-level geo used for map pin.","unrated","needs-review","","ETDA Threat Actor Encyclopedia",""
"lookback","LookBack","TA410","state-linked-theft","State-linked Theft","Unknown","","","","No confirmed attribution","2019","Global","espionage; targeted intrusion; phishing","Conducting state-sponsored intrusion and espionage campaigns attributed to Unknown.","No confirmed national attribution published; classified as unknown origin pending further research.","unrated","needs-review","","ETDA Threat Actor Encyclopedia",""
"lotus-blossom","Lotus Blossom","Spring Dragon; Thrip","state-linked-theft","State-linked Theft","China","Beijing","39.9042","116.4074","Country-level attribution pinned to capital","2012","Global","espionage; targeted intrusion; phishing","Conducting state-sponsored intrusion and espionage campaigns attributed to China.","ETDA Threat Actor Encyclopedia attributes Lotus Blossom to China; country-level geo used for map pin.","unrated","needs-review","","ETDA Threat Actor Encyclopedia",""
"lucky-cat","Lucky Cat","","state-linked-theft","State-linked Theft","China","Beijing","39.9042","116.4074","Country-level attribution pinned to capital","2011","Global","espionage; targeted intrusion; phishing","Conducting state-sponsored intrusion and espionage campaigns attributed to China.","ETDA Threat Actor Encyclopedia attributes Lucky Cat to China; country-level geo used for map pin.","unrated","needs-review","","ETDA Threat Actor Encyclopedia",""
"lulzsec","LulzSec","Lulz Security","hacktivist","Hacktivist","No fixed origin","Decentralized","","","No fixed origin / decentralized collective","2011","Global","decentralized; hacktivism; splinter collective","Carrying out a fast, high-profile run of disruptive hacks, leaks, and humiliating breaches against media, gaming, government, and security targets during 2011.","Public reporting describes LulzSec as a short-lived hacking collective and an offshoot of the broader Anonymous ecosystem, with members in multiple countries rather than a stable shared origin.","unrated","needs-review","","Wired / public reporting",""
"luminousmoth","LuminousMoth","","state-linked-theft","State-linked Theft","China","Beijing","39.9042","116.4074","Country-level attribution pinned to capital","2020","Global","espionage; targeted intrusion; phishing","Conducting state-sponsored intrusion and espionage campaigns attributed to China.","ETDA Threat Actor Encyclopedia attributes LuminousMoth to China; country-level geo used for map pin.","unrated","needs-review","","ETDA Threat Actor Encyclopedia",""
"lunar-spider","Lunar Spider","","state-linked-theft","State-linked Theft","Russia","Moscow","55.7558","37.6173","Country-level attribution pinned to capital","2019","Global","espionage; targeted intrusion; phishing","Conducting state-sponsored intrusion and espionage campaigns attributed to Russia.","ETDA Threat Actor Encyclopedia attributes Lunar Spider to Russia; country-level geo used for map pin.","unrated","needs-review","","ETDA Threat Actor Encyclopedia",""
"lurk","Lurk","","banking-theft","Banking Theft","Russia","Moscow","55.7558","37.6173","Country-level attribution pinned to capital","2011","Global","banking malware; financial theft; credential theft","Executing financially motivated banking malware, credential theft, and fraud operations.","ETDA Threat Actor Encyclopedia attributes Lurk to Russia; country-level geo used for map pin.","unrated","needs-review","","ETDA Threat Actor Encyclopedia",""
"mabna-institute","Mabna Institute","Cobalt Dickens; Silent Librarian","state-linked-theft","State-linked Theft","Iran","Tehran","35.6892","51.389","Country-level attribution pinned to capital","2013","Global","espionage; targeted intrusion; phishing","Conducting state-sponsored intrusion and espionage campaigns attributed to Iran.","ETDA Threat Actor Encyclopedia attributes Mabna Institute to Iran; country-level geo used for map pin.","unrated","needs-review","","ETDA Threat Actor Encyclopedia",""
"machete","Machete","APT-C-43; El Machete","state-linked-theft","State-linked Theft","Venezuela","Caracas","10.4806","-66.9036","Country-level attribution pinned to capital","2010","Regional","Latin America; espionage; government targeting","Conducting sustained Spanish-language espionage against governments, military organizations, and telecom and power-sector targets across Latin America.","MITRE ATT&CK describes Machete as a suspected Spanish-speaking espionage group with a particular emphasis on Venezuela, which this atlas uses as a country-level origin inference.","unrated","needs-review","","MITRE ATT&CK, updated Apr 2025",""
"madi","Madi","","state-linked-theft","State-linked Theft","Iran","Tehran","35.6892","51.389","Country-level attribution pinned to capital","2011","Global","espionage; targeted intrusion; phishing","Conducting state-sponsored intrusion and espionage campaigns attributed to Iran.","ETDA Threat Actor Encyclopedia attributes Madi to Iran; country-level geo used for map pin.","unrated","needs-review","","ETDA Threat Actor Encyclopedia",""
"magic-kitten","Magic Kitten","","state-linked-theft","State-linked Theft","Iran","Tehran","35.6892","51.389","Country-level attribution pinned to capital","2007","Global","espionage; targeted intrusion; phishing","Conducting state-sponsored intrusion and espionage campaigns attributed to Iran.","ETDA Threat Actor Encyclopedia attributes Magic Kitten to Iran; country-level geo used for map pin.","unrated","needs-review","","ETDA Threat Actor Encyclopedia",""
"malkamak","MalKamak","","state-linked-theft","State-linked Theft","Iran","Tehran","35.6892","51.389","Country-level attribution pinned to capital","2018","Global","espionage; targeted intrusion; phishing","Conducting state-sponsored intrusion and espionage campaigns attributed to Iran.","ETDA Threat Actor Encyclopedia attributes MalKamak to Iran; country-level geo used for map pin.","unrated","needs-review","","ETDA Threat Actor Encyclopedia",""
"mallard-spider","Mallard Spider","","state-linked-theft","State-linked Theft","Unknown","","","","No confirmed attribution","2008","Global","espionage; targeted intrusion; phishing","Conducting state-sponsored intrusion and espionage campaigns attributed to Unknown.","No confirmed national attribution published; classified as unknown origin pending further research.","unrated","needs-review","","ETDA Threat Actor Encyclopedia",""
"malteiro","Malteiro","","banking-theft","Banking Theft","Brazil","Brasilia","-15.7939","-47.8828","Country-level attribution pinned to capital","2019","Regional","MaaS; Mispadu","Operating a Malware-as-a-Service model around the Mispadu banking trojan for fraud and credential theft across Latin America and Europe.","MITRE ATT&CK describes Malteiro as a financially motivated criminal group that is likely based in Brazil.","unrated","needs-review","","MITRE ATT&CK, Mar 2024",""
"mario-kart","Mario Kart","TA551; Shathak; GOLD CABIN","access-brokerage","Access Brokerage","Russia","Tolyatti","53.5078","49.4204","City-level attribution from public reporting","2017","Global","botnet sales; spam delivery","Building a spam-delivered botnet and selling access to other actors who used that access for ransomware extortion.","DOJ described Mario Kart as a Russia-based cybercriminal group and tied a co-manager to Tolyatti, Russia.","unrated","needs-review","","DOJ, Mar 2026",""
"medusa-group","Medusa Group","Spearwing; Medusa Actors","ransomware","Ransomware","Russia","Moscow","55.7558","37.6173","Country-level attribution pinned to capital","2021","Global","RaaS; double extortion","Operating a rapidly growing ransomware program that blends credential theft, exploit-driven access, and double extortion against critical-sector victims.","MITRE ATT&CK documents Medusa Group as a major ransomware actor; because public reporting on origin is mixed, this atlas uses a cautious Russia/CIS-oriented country inference commonly reflected in vendor reporting.","unrated","needs-review","","MITRE ATT&CK / public reporting",""
"microsoft-threat-intelligence","Microsoft Threat Intelligence Center","","white-hat","White Hat","United States","Redmond","47.674","-122.1215","City-level attribution from public reporting","2022","Global","threat intelligence; disruption; research","Publishing widely used actor tracking, malware analysis, disruption reporting, and intelligence-led guidance consumed across the security industry.","Microsoft describes its threat analysis and threat intelligence work as part of its security operations; the pin uses Microsoft's official Redmond headquarters as the organization origin.","unrated","needs-review","","Microsoft official site",""
"mikroceen","Mikroceen","","state-linked-theft","State-linked Theft","China","Beijing","39.9042","116.4074","Country-level attribution pinned to capital","2017","Global","espionage; targeted intrusion; phishing","Conducting state-sponsored intrusion and espionage campaigns attributed to China.","ETDA Threat Actor Encyclopedia attributes Mikroceen to China; country-level geo used for map pin.","unrated","needs-review","","ETDA Threat Actor Encyclopedia",""
"moafee","Moafee","","state-linked-theft","State-linked Theft","China","Beijing","39.9042","116.4074","Country-level attribution pinned to capital","2014","Global","espionage; targeted intrusion; phishing","Conducting state-sponsored intrusion and espionage campaigns attributed to China.","ETDA Threat Actor Encyclopedia attributes Moafee to China; country-level geo used for map pin.","unrated","needs-review","","ETDA Threat Actor Encyclopedia",""
"molerats","Molerats","Extreme Jackal; Gaza Cybergang","state-linked-theft","State-linked Theft","Gaza","Gaza City","31.5017","34.4668","Territory-level attribution","2012","Regional","espionage; targeted intrusion; phishing","Conducting state-sponsored intrusion and espionage campaigns attributed to Gaza.","No confirmed national attribution published; classified as unknown origin pending further research.","unrated","needs-review","","ETDA Threat Actor Encyclopedia",""
"moneytaker","MoneyTaker","","financial-fraud","Financial Fraud","Russia","Moscow","55.7558","37.6173","Country-level attribution pinned to capital","2016","Global","SWIFT theft; card processing; bank intrusions","Targeting banks, card-processing systems, and interbank transfer infrastructure to steal funds and operational documentation for follow-on attacks.","Group-IB described MoneyTaker as a Russian-speaking targeted attack group; this atlas simplifies that reporting to a country-level Russia origin pin for map readability.","unrated","needs-review","","Group-IB, Dec 2017",""
"monty-spider","Monty Spider","","banking-theft","Banking Theft","Russia","Moscow","55.7558","37.6173","Country-level attribution pinned to capital","2012","Global","banking malware; financial theft; credential theft","Executing financially motivated banking malware, credential theft, and fraud operations.","ETDA Threat Actor Encyclopedia attributes Monty Spider to Russia; country-level geo used for map pin.","unrated","needs-review","","ETDA Threat Actor Encyclopedia",""
"moonstone-sleet","Moonstone Sleet","Storm-1789","hybrid","Hybrid","North Korea","Pyongyang","39.0392","125.7625","Country-level attribution pinned to capital","2023","Global","espionage + extortion; fake companies","Combining espionage tradecraft with financially motivated operations, including social engineering, trojanized software, and ransomware deployment.","MITRE ATT&CK tracks Moonstone Sleet as a North Korean-linked threat actor executing both financially motivated attacks and espionage operations.","unrated","needs-review","","MITRE ATT&CK, Oct 2024",""
"moses-staff","Moses Staff","DEV-0500; Marigold Sandstorm","hacktivist","Hacktivist","Iran","Tehran","35.6892","51.389","Country-level attribution pinned to capital","2021","Regional","wiper-like attacks; leak-and-damage","Combining data leaks, destructive encryption, and politically motivated attacks without following a conventional ransom model.","MITRE ATT&CK identifies Moses Staff as a suspected Iranian threat group whose operations are assessed as politically motivated.","unrated","needs-review","","MITRE ATT&CK, updated Apr 2024",""
"moustachedbouncer","MoustachedBouncer","","state-linked-theft","State-linked Theft","Belarus","Minsk","53.9045","27.5615","Country-level attribution pinned to capital","2014","Regional","espionage; targeted intrusion; phishing","Conducting state-sponsored intrusion and espionage campaigns attributed to Belarus.","ETDA Threat Actor Encyclopedia attributes MoustachedBouncer to Belarus; country-level geo used for map pin.","unrated","needs-review","","ETDA Threat Actor Encyclopedia",""
"muddywater","MuddyWater","Earth Vetala; MERCURY; Static Kitten; Seedworm; TEMP.Zagros; Mango Sandstorm; TA450","state-linked-theft","State-linked Theft","Iran","Tehran","35.6892","51.389","Country-level attribution pinned to capital","2017","Regional","Middle East; espionage; MOIS-linked","Using broad phishing and PowerShell-heavy intrusion tradecraft against government, telecom, defense, and energy-sector organizations across the Middle East and beyond.","MITRE ATT&CK assesses MuddyWater to be a subordinate element within Iran's Ministry of Intelligence and Security, and the atlas maps that activity to Tehran at country level.","unrated","needs-review","","MITRE ATT&CK, updated Oct 2025",""
"mummy-spider","Mummy Spider","TA542","banking-theft","Banking Theft","Unknown","","","","No confirmed attribution","2014","Global","banking malware; financial theft; credential theft","Executing financially motivated banking malware, credential theft, and fraud operations.","No confirmed national attribution published; classified as unknown origin pending further research.","unrated","needs-review","","ETDA Threat Actor Encyclopedia",""
"mustang-panda","Mustang Panda","Bronze President","state-linked-theft","State-linked Theft","China","Beijing","39.9042","116.4074","Country-level attribution pinned to capital","2012","Global","espionage; targeted intrusion; phishing","Conducting state-sponsored intrusion and espionage campaigns attributed to China.","ETDA Threat Actor Encyclopedia attributes Mustang Panda to China; country-level geo used for map pin.","unrated","needs-review","","ETDA Threat Actor Encyclopedia",""
"mustard-tempest","Mustard Tempest","DEV-0206; TA569; GOLD PRELUDE; UNC1543","access-brokerage","Access Brokerage","Russia","Moscow","55.7558","37.6173","Country-level attribution pinned to capital","2017","Global","SocGholish; IAB; fake updates","Operating the SocGholish ecosystem and brokering access into victim environments that later fed major ransomware and follow-on intrusion operations.","MITRE ATT&CK identifies Mustard Tempest as an initial access broker; open reporting commonly places it in the Russian-speaking cybercrime ecosystem, which this atlas represents as a country-level Russia inference.","unrated","needs-review","","MITRE ATT&CK / public reporting",""
"mysterious-elephant","Mysterious Elephant","","state-linked-theft","State-linked Theft","Unknown","","","","No confirmed attribution","2023","Global","espionage; targeted intrusion; phishing","Conducting state-sponsored intrusion and espionage campaigns attributed to Unknown.","No confirmed national attribution published; classified as unknown origin pending further research.","unrated","needs-review","","ETDA Threat Actor Encyclopedia",""
"naikon","Naikon","Lotus Panda","state-linked-theft","State-linked Theft","China","Beijing","39.9042","116.4074","Country-level attribution pinned to capital","2010","Global","espionage; targeted intrusion; phishing","Conducting state-sponsored intrusion and espionage campaigns attributed to China.","ETDA Threat Actor Encyclopedia attributes Naikon to China; country-level geo used for map pin.","unrated","needs-review","","ETDA Threat Actor Encyclopedia",""
"narwhal-spider","Narwhal Spider","","banking-theft","Banking Theft","Unknown","","","","No confirmed attribution","2007","Global","banking malware; financial theft; credential theft","Executing financially motivated banking malware, credential theft, and fraud operations.","No confirmed national attribution published; classified as unknown origin pending further research.","unrated","needs-review","","ETDA Threat Actor Encyclopedia",""
"nazar","Nazar","","state-linked-theft","State-linked Theft","Iran","Tehran","35.6892","51.389","Country-level attribution pinned to capital","2008","Global","espionage; targeted intrusion; phishing","Conducting state-sponsored intrusion and espionage campaigns attributed to Iran.","ETDA Threat Actor Encyclopedia attributes Nazar to Iran; country-level geo used for map pin.","unrated","needs-review","","ETDA Threat Actor Encyclopedia",""
"nb65","NB65","","hacktivist","Hacktivist","Unknown","","","","No confirmed attribution","2022","Global","hacktivism; disruption; defacement","Carrying out politically motivated disruptions, defacements, and data leak operations.","No confirmed national attribution published; classified as unknown origin pending further research.","unrated","needs-review","","ETDA Threat Actor Encyclopedia",""
"nemesis-market","Nemesis Market","Nemesis","darknet-market","Darknet Market","Iran","Tehran","35.6892","51.389","City-level attribution from public reporting","2021","Global","dark web; criminal services","Selling illegal drugs and cybercrime services such as stolen data, fake documents, counterfeit currency, and malware.","DOJ charged the marketplace’s founder and operator as a Tehran-based Iranian national in 2025.","unrated","needs-review","","DOJ, Apr 2025",""
"neodymium","Neodymium","","state-linked-theft","State-linked Theft","Turkey","Ankara","39.9334","32.8597","Country-level attribution pinned to capital","2016","Global","espionage; targeted intrusion; phishing","Conducting state-sponsored intrusion and espionage campaigns attributed to Turkey.","ETDA Threat Actor Encyclopedia attributes Neodymium to Turkey; country-level geo used for map pin.","unrated","needs-review","","ETDA Threat Actor Encyclopedia",""
"netsec","NetSec","USDoD","state-linked-theft","State-linked Theft","Spain","Madrid","40.4168","-3.7038","Country-level attribution pinned to capital","2020","Global","espionage; targeted intrusion; phishing","Conducting state-sponsored intrusion and espionage campaigns attributed to Spain.","ETDA Threat Actor Encyclopedia attributes NetSec to Spain; country-level geo used for map pin.","unrated","needs-review","","ETDA Threat Actor Encyclopedia",""
"nettraveler","NetTraveler","APT 21; Hammer Panda","state-linked-theft","State-linked Theft","China","Beijing","39.9042","116.4074","Country-level attribution pinned to capital","2004","Global","espionage; targeted intrusion; phishing","Conducting state-sponsored intrusion and espionage campaigns attributed to China.","ETDA Threat Actor Encyclopedia attributes NetTraveler to China; country-level geo used for map pin.","unrated","needs-review","","ETDA Threat Actor Encyclopedia",""
"night-dragon","Night Dragon","","state-linked-theft","State-linked Theft","China","Beijing","39.9042","116.4074","Country-level attribution pinned to capital","2009","Global","espionage; targeted intrusion; phishing","Conducting state-sponsored intrusion and espionage campaigns attributed to China.","ETDA Threat Actor Encyclopedia attributes Night Dragon to China; country-level geo used for map pin.","unrated","needs-review","","ETDA Threat Actor Encyclopedia",""
"nightshade-panda","Nightshade Panda","APT 9; Group 27","state-linked-theft","State-linked Theft","China","Beijing","39.9042","116.4074","Country-level attribution pinned to capital","2013","Global","espionage; targeted intrusion; phishing","Conducting state-sponsored intrusion and espionage campaigns attributed to China.","ETDA Threat Actor Encyclopedia attributes Nightshade Panda to China; country-level geo used for map pin.","unrated","needs-review","","ETDA Threat Actor Encyclopedia",""
"nineblog","NineBlog","","state-linked-theft","State-linked Theft","China","Beijing","39.9042","116.4074","Country-level attribution pinned to capital","2013","Global","espionage; targeted intrusion; phishing","Conducting state-sponsored intrusion and espionage campaigns attributed to China.","ETDA Threat Actor Encyclopedia attributes NineBlog to China; country-level geo used for map pin.","unrated","needs-review","","ETDA Threat Actor Encyclopedia",""
"nitro","Nitro","Covert Grove","state-linked-theft","State-linked Theft","China","Beijing","39.9042","116.4074","Country-level attribution pinned to capital","2011","Global","espionage; targeted intrusion; phishing","Conducting state-sponsored intrusion and espionage campaigns attributed to China.","ETDA Threat Actor Encyclopedia attributes Nitro to China; country-level geo used for map pin.","unrated","needs-review","","ETDA Threat Actor Encyclopedia",""
"oilalpha","OilAlpha","","state-linked-theft","State-linked Theft","Yemen","Sanaa","15.5527","48.5164","Country-level attribution pinned to capital","2022","Regional","espionage; targeted intrusion; phishing","Conducting state-sponsored intrusion and espionage campaigns attributed to Yemen.","ETDA Threat Actor Encyclopedia attributes OilAlpha to Yemen; country-level geo used for map pin.","unrated","needs-review","","ETDA Threat Actor Encyclopedia",""
"oilrig","OilRig","APT34; COBALT GYPSY; Helix Kitten; Hazel Sandstorm; EUROPIUM; TA452","state-linked-theft","State-linked Theft","Iran","Tehran","35.6892","51.389","Country-level attribution pinned to capital","2014","Regional","Middle East; espionage; supply chain","Targeting government, financial, telecom, and energy-sector organizations in the Middle East with phishing, credential theft, and supply-chain compromise activity.","MITRE ATT&CK describes OilRig as a suspected Iranian threat group operating on behalf of the Iranian government, which this atlas maps to Tehran at country level.","unrated","needs-review","","MITRE ATT&CK, updated Jan 2025",""
"oldgremlin","OldGremlin","","state-linked-theft","State-linked Theft","Russia","Moscow","55.7558","37.6173","Country-level attribution pinned to capital","2020","Global","espionage; targeted intrusion; phishing","Conducting state-sponsored intrusion and espionage campaigns attributed to Russia.","ETDA Threat Actor Encyclopedia attributes OldGremlin to Russia; country-level geo used for map pin.","unrated","needs-review","","ETDA Threat Actor Encyclopedia",""
"oniondog","OnionDog","","state-linked-theft","State-linked Theft","South Korea","Seoul","37.5665","126.978","Country-level attribution pinned to capital","2013","Regional","espionage; targeted intrusion; phishing","Conducting state-sponsored intrusion and espionage campaigns attributed to South Korea.","ETDA Threat Actor Encyclopedia attributes OnionDog to South Korea; country-level geo used for map pin.","unrated","needs-review","","ETDA Threat Actor Encyclopedia",""
"opera1er","OPERA1ER","","financial-fraud","Financial Fraud","Unknown","","","","No confirmed attribution","2016","Global","BEC; financial fraud; wire theft","Pursuing BEC, wire fraud, and financial-theft operations for criminal profit.","No confirmed national attribution published; classified as unknown origin pending further research.","unrated","needs-review","","ETDA Threat Actor Encyclopedia",""
"op-armor-piercer","Operation Armor Piercer","","state-linked-theft","State-linked Theft","Pakistan","Islamabad","33.6844","73.0479","Country-level attribution pinned to capital","2020","Global","espionage; targeted intrusion; phishing","Conducting state-sponsored intrusion and espionage campaigns attributed to Pakistan.","ETDA Threat Actor Encyclopedia attributes Operation Armor Piercer to Pakistan; country-level geo used for map pin.","unrated","needs-review","","ETDA Threat Actor Encyclopedia",""
"op-bandidos","Operation Bandidos","","state-linked-theft","State-linked Theft","Unknown","","","","No confirmed attribution","2021","Global","espionage; targeted intrusion; phishing","Conducting state-sponsored intrusion and espionage campaigns attributed to Unknown.","No confirmed national attribution published; classified as unknown origin pending further research.","unrated","needs-review","","ETDA Threat Actor Encyclopedia",""
"op-black-atlas","Operation Black Atlas","","state-linked-theft","State-linked Theft","Unknown","","","","No confirmed attribution","2015","Global","espionage; targeted intrusion; phishing","Conducting state-sponsored intrusion and espionage campaigns attributed to Unknown.","No confirmed national attribution published; classified as unknown origin pending further research.","unrated","needs-review","","ETDA Threat Actor Encyclopedia",""
"op-bugdrop","Operation BugDrop","","state-linked-theft","State-linked Theft","Russia","Moscow","55.7558","37.6173","Country-level attribution pinned to capital","2016","Global","espionage; targeted intrusion; phishing","Conducting state-sponsored intrusion and espionage campaigns attributed to Russia.","ETDA Threat Actor Encyclopedia attributes Operation BugDrop to Russia; country-level geo used for map pin.","unrated","needs-review","","ETDA Threat Actor Encyclopedia",""
"op-comando","Operation Comando","","state-linked-theft","State-linked Theft","Unknown","","","","No confirmed attribution","2018","Global","espionage; targeted intrusion; phishing","Conducting state-sponsored intrusion and espionage campaigns attributed to Unknown.","No confirmed national attribution published; classified as unknown origin pending further research.","unrated","needs-review","","ETDA Threat Actor Encyclopedia",""
"op-contagious-interview","Operation Contagious Interview","","state-linked-theft","State-linked Theft","North Korea","Pyongyang","39.0392","125.7625","Country-level attribution pinned to capital","2020","Global","espionage; targeted intrusion; phishing","Conducting state-sponsored intrusion and espionage campaigns attributed to North Korea.","ETDA Threat Actor Encyclopedia attributes Operation Contagious Interview to North Korea; country-level geo used for map pin.","unrated","needs-review","","ETDA Threat Actor Encyclopedia",""
"op-crimson-palace","Operation Crimson Palace","","state-linked-theft","State-linked Theft","China","Beijing","39.9042","116.4074","Country-level attribution pinned to capital","2022","Global","espionage; targeted intrusion; phishing","Conducting state-sponsored intrusion and espionage campaigns attributed to China.","ETDA Threat Actor Encyclopedia attributes Operation Crimson Palace to China; country-level geo used for map pin.","unrated","needs-review","","ETDA Threat Actor Encyclopedia",""
"op-digital-eye","Operation Digital Eye","","state-linked-theft","State-linked Theft","China","Beijing","39.9042","116.4074","Country-level attribution pinned to capital","2024","Global","espionage; targeted intrusion; phishing","Conducting state-sponsored intrusion and espionage campaigns attributed to China.","ETDA Threat Actor Encyclopedia attributes Operation Digital Eye to China; country-level geo used for map pin.","unrated","needs-review","","ETDA Threat Actor Encyclopedia",""
"op-diplomatic-specter","Operation Diplomatic Specter","","state-linked-theft","State-linked Theft","China","Beijing","39.9042","116.4074","Country-level attribution pinned to capital","2022","Global","espionage; targeted intrusion; phishing","Conducting state-sponsored intrusion and espionage campaigns attributed to China.","ETDA Threat Actor Encyclopedia attributes Operation Diplomatic Specter to China; country-level geo used for map pin.","unrated","needs-review","","ETDA Threat Actor Encyclopedia",""
"op-domino","Operation Domino","Operation Kremlin","state-linked-theft","State-linked Theft","Russia","Moscow","55.7558","37.6173","Country-level attribution pinned to capital","2019","Global","espionage; targeted intrusion; phishing","Conducting state-sponsored intrusion and espionage campaigns attributed to Russia.","ETDA Threat Actor Encyclopedia attributes Operation Domino to Russia; country-level geo used for map pin.","unrated","needs-review","","ETDA Threat Actor Encyclopedia",""
"op-dragon-castling","Operation Dragon Castling","","state-linked-theft","State-linked Theft","China","Beijing","39.9042","116.4074","Country-level attribution pinned to capital","2022","Global","espionage; targeted intrusion; phishing","Conducting state-sponsored intrusion and espionage campaigns attributed to China.","ETDA Threat Actor Encyclopedia attributes Operation Dragon Castling to China; country-level geo used for map pin.","unrated","needs-review","","ETDA Threat Actor Encyclopedia",""
"op-earth-kitsune","Operation Earth Kitsune","","state-linked-theft","State-linked Theft","North Korea","Pyongyang","39.0392","125.7625","Country-level attribution pinned to capital","2019","Global","espionage; targeted intrusion; phishing","Conducting state-sponsored intrusion and espionage campaigns attributed to North Korea.","ETDA Threat Actor Encyclopedia attributes Operation Earth Kitsune to North Korea; country-level geo used for map pin.","unrated","needs-review","","ETDA Threat Actor Encyclopedia",""
"op-electric-powder","Operation Electric Powder","","state-linked-theft","State-linked Theft","Unknown","","","","No confirmed attribution","2016","Global","espionage; targeted intrusion; phishing","Conducting state-sponsored intrusion and espionage campaigns attributed to Unknown.","No confirmed national attribution published; classified as unknown origin pending further research.","unrated","needs-review","","ETDA Threat Actor Encyclopedia",""
"op-emailthief","Operation EmailThief","TEMP_Heretic","state-linked-theft","State-linked Theft","China","Beijing","39.9042","116.4074","Country-level attribution pinned to capital","2021","Global","espionage; targeted intrusion; phishing","Conducting state-sponsored intrusion and espionage campaigns attributed to China.","ETDA Threat Actor Encyclopedia attributes Operation EmailThief to China; country-level geo used for map pin.","unrated","needs-review","","ETDA Threat Actor Encyclopedia",""
"op-epic-manchego","Operation Epic Manchego","","state-linked-theft","State-linked Theft","Unknown","","","","No confirmed attribution","2020","Global","espionage; targeted intrusion; phishing","Conducting state-sponsored intrusion and espionage campaigns attributed to Unknown.","No confirmed national attribution published; classified as unknown origin pending further research.","unrated","needs-review","","ETDA Threat Actor Encyclopedia",""
"op-ghostwriter","Operation Ghostwriter","","state-linked-theft","State-linked Theft","Belarus","Minsk","53.9045","27.5615","Country-level attribution pinned to capital","2017","Regional","espionage; targeted intrusion; phishing","Conducting state-sponsored intrusion and espionage campaigns attributed to Belarus.","ETDA Threat Actor Encyclopedia attributes Operation Ghostwriter to Belarus; country-level geo used for map pin.","unrated","needs-review","","ETDA Threat Actor Encyclopedia",""
"op-ghoul","Operation Ghoul","","state-linked-theft","State-linked Theft","Unknown","","","","No confirmed attribution","2016","Global","espionage; targeted intrusion; phishing","Conducting state-sponsored intrusion and espionage campaigns attributed to Unknown.","No confirmed national attribution published; classified as unknown origin pending further research.","unrated","needs-review","","ETDA Threat Actor Encyclopedia",""
"op-groundbait","Operation Groundbait","","state-linked-theft","State-linked Theft","Ukraine","Kyiv","50.4501","30.5234","Country-level attribution pinned to capital","2008","Global","espionage; targeted intrusion; phishing","Conducting state-sponsored intrusion and espionage campaigns attributed to Ukraine.","ETDA Threat Actor Encyclopedia attributes Operation Groundbait to Ukraine; country-level geo used for map pin.","unrated","needs-review","","ETDA Threat Actor Encyclopedia",""
"op-harvest","Operation Harvest","","state-linked-theft","State-linked Theft","China","Beijing","39.9042","116.4074","Country-level attribution pinned to capital","2016","Global","espionage; targeted intrusion; phishing","Conducting state-sponsored intrusion and espionage campaigns attributed to China.","ETDA Threat Actor Encyclopedia attributes Operation Harvest to China; country-level geo used for map pin.","unrated","needs-review","","ETDA Threat Actor Encyclopedia",""
"op-jacana","Operation Jacana","","state-linked-theft","State-linked Theft","China","Beijing","39.9042","116.4074","Country-level attribution pinned to capital","2023","Global","espionage; targeted intrusion; phishing","Conducting state-sponsored intrusion and espionage campaigns attributed to China.","ETDA Threat Actor Encyclopedia attributes Operation Jacana to China; country-level geo used for map pin.","unrated","needs-review","","ETDA Threat Actor Encyclopedia",""
"op-layover","Operation Layover","","financial-fraud","Financial Fraud","Nigeria","Abuja","9.0765","7.3986","Country-level attribution pinned to capital","2013","Global","BEC; financial fraud; wire theft","Pursuing BEC, wire fraud, and financial-theft operations for criminal profit.","ETDA Threat Actor Encyclopedia attributes Operation Layover to Nigeria; country-level geo used for map pin.","unrated","needs-review","","ETDA Threat Actor Encyclopedia",""
"op-liberalface","Operation LiberalFace","MirrorFace","state-linked-theft","State-linked Theft","China","Beijing","39.9042","116.4074","Country-level attribution pinned to capital","2019","Global","espionage; targeted intrusion; phishing","Conducting state-sponsored intrusion and espionage campaigns attributed to China.","ETDA Threat Actor Encyclopedia attributes Operation LiberalFace to China; country-level geo used for map pin.","unrated","needs-review","","ETDA Threat Actor Encyclopedia",""
"op-manul","Operation Manul","","state-linked-theft","State-linked Theft","Kazakhstan","Astana","51.1801","71.446","Country-level attribution pinned to capital","2015","Regional","espionage; targeted intrusion; phishing","Conducting state-sponsored intrusion and espionage campaigns attributed to Kazakhstan.","ETDA Threat Actor Encyclopedia attributes Operation Manul to Kazakhstan; country-level geo used for map pin.","unrated","needs-review","","ETDA Threat Actor Encyclopedia",""
"op-olympic-games","Operation Olympic Games","","state-linked-theft","State-linked Theft","United States","Washington, DC","38.9072","-77.0369","Country-level attribution pinned to capital","2007","Global","nation-state; CNO; zero-days","Conducting state-sponsored intrusion and espionage campaigns attributed to United States.","ETDA Threat Actor Encyclopedia attributes Operation Olympic Games to United States; country-level geo used for map pin.","unrated","needs-review","","ETDA Threat Actor Encyclopedia",""
"op-parliament","Operation Parliament","","state-linked-theft","State-linked Theft","Unknown","","","","No confirmed attribution","2017","Global","espionage; targeted intrusion; phishing","Conducting state-sponsored intrusion and espionage campaigns attributed to Unknown.","No confirmed national attribution published; classified as unknown origin pending further research.","unrated","needs-review","","ETDA Threat Actor Encyclopedia",""
"op-poison-needles","Operation Poison Needles","","state-linked-theft","State-linked Theft","Ukraine","Kyiv","50.4501","30.5234","Country-level attribution pinned to capital","2018","Global","espionage; targeted intrusion; phishing","Conducting state-sponsored intrusion and espionage campaigns attributed to Ukraine.","ETDA Threat Actor Encyclopedia attributes Operation Poison Needles to Ukraine; country-level geo used for map pin.","unrated","needs-review","","ETDA Threat Actor Encyclopedia",""
"op-poisoned-news","Operation Poisoned News","TwoSail Junk","state-linked-theft","State-linked Theft","China","Beijing","39.9042","116.4074","Country-level attribution pinned to capital","2020","Global","espionage; targeted intrusion; phishing","Conducting state-sponsored intrusion and espionage campaigns attributed to China.","ETDA Threat Actor Encyclopedia attributes Operation Poisoned News to China; country-level geo used for map pin.","unrated","needs-review","","ETDA Threat Actor Encyclopedia",""
"op-potao-express","Operation Potao Express","","state-linked-theft","State-linked Theft","Unknown","","","","No confirmed attribution","2015","Global","espionage; targeted intrusion; phishing","Conducting state-sponsored intrusion and espionage campaigns attributed to Unknown.","No confirmed national attribution published; classified as unknown origin pending further research.","unrated","needs-review","","ETDA Threat Actor Encyclopedia",""
"op-pseudomanuscrypt","Operation PseudoManuscrypt","","state-linked-theft","State-linked Theft","China","Beijing","39.9042","116.4074","Country-level attribution pinned to capital","2021","Global","espionage; targeted intrusion; phishing","Conducting state-sponsored intrusion and espionage campaigns attributed to China.","ETDA Threat Actor Encyclopedia attributes Operation PseudoManuscrypt to China; country-level geo used for map pin.","unrated","needs-review","","ETDA Threat Actor Encyclopedia",""
"op-red-signature","Operation Red Signature","","state-linked-theft","State-linked Theft","China","Beijing","39.9042","116.4074","Country-level attribution pinned to capital","2018","Global","espionage; targeted intrusion; phishing","Conducting state-sponsored intrusion and espionage campaigns attributed to China.","ETDA Threat Actor Encyclopedia attributes Operation Red Signature to China; country-level geo used for map pin.","unrated","needs-review","","ETDA Threat Actor Encyclopedia",""
"op-restylink","Operation RestyLink","","state-linked-theft","State-linked Theft","Unknown","","","","No confirmed attribution","2021","Global","espionage; targeted intrusion; phishing","Conducting state-sponsored intrusion and espionage campaigns attributed to Unknown.","No confirmed national attribution published; classified as unknown origin pending further research.","unrated","needs-review","","ETDA Threat Actor Encyclopedia",""
"op-rusticweb","Operation RusticWeb","","state-linked-theft","State-linked Theft","Pakistan","Islamabad","33.6844","73.0479","Country-level attribution pinned to capital","2023","Global","espionage; targeted intrusion; phishing","Conducting state-sponsored intrusion and espionage campaigns attributed to Pakistan.","ETDA Threat Actor Encyclopedia attributes Operation RusticWeb to Pakistan; country-level geo used for map pin.","unrated","needs-review","","ETDA Threat Actor Encyclopedia",""
"op-rusty-flag","Operation Rusty Flag","","state-linked-theft","State-linked Theft","Unknown","","","","No confirmed attribution","2023","Global","espionage; targeted intrusion; phishing","Conducting state-sponsored intrusion and espionage campaigns attributed to Unknown.","No confirmed national attribution published; classified as unknown origin pending further research.","unrated","needs-review","","ETDA Threat Actor Encyclopedia",""
"op-salmonslalom","Operation SalmonSlalom","","state-linked-theft","State-linked Theft","China","Beijing","39.9042","116.4074","Country-level attribution pinned to capital","2025","Global","espionage; targeted intrusion; phishing","Conducting state-sponsored intrusion and espionage campaigns attributed to China.","ETDA Threat Actor Encyclopedia attributes Operation SalmonSlalom to China; country-level geo used for map pin.","unrated","needs-review","","ETDA Threat Actor Encyclopedia",""
"op-shady-rat","Operation Shady RAT","","state-linked-theft","State-linked Theft","China","Beijing","39.9042","116.4074","Country-level attribution pinned to capital","2006","Global","espionage; targeted intrusion; phishing","Conducting state-sponsored intrusion and espionage campaigns attributed to China.","ETDA Threat Actor Encyclopedia attributes Operation Shady RAT to China; country-level geo used for map pin.","unrated","needs-review","","ETDA Threat Actor Encyclopedia",""
"op-signsight","Operation SignSight","","state-linked-theft","State-linked Theft","Unknown","","","","No confirmed attribution","2020","Global","espionage; targeted intrusion; phishing","Conducting state-sponsored intrusion and espionage campaigns attributed to Unknown.","No confirmed national attribution published; classified as unknown origin pending further research.","unrated","needs-review","","ETDA Threat Actor Encyclopedia",""
"op-silent-skimmer","Operation Silent Skimmer","","state-linked-theft","State-linked Theft","Unknown","","","","No confirmed attribution","2022","Global","espionage; targeted intrusion; phishing","Conducting state-sponsored intrusion and espionage campaigns attributed to Unknown.","No confirmed national attribution published; classified as unknown origin pending further research.","unrated","needs-review","","ETDA Threat Actor Encyclopedia",""
"op-slow-tempest","Operation SLOW#TEMPEST","","state-linked-theft","State-linked Theft","China","Beijing","39.9042","116.4074","Country-level attribution pinned to capital","2024","Global","espionage; targeted intrusion; phishing","Conducting state-sponsored intrusion and espionage campaigns attributed to China.","ETDA Threat Actor Encyclopedia attributes Operation SLOW#TEMPEST to China; country-level geo used for map pin.","unrated","needs-review","","ETDA Threat Actor Encyclopedia",""
"op-spalax","Operation Spalax","","state-linked-theft","State-linked Theft","Unknown","","","","No confirmed attribution","2020","Global","espionage; targeted intrusion; phishing","Conducting state-sponsored intrusion and espionage campaigns attributed to Unknown.","No confirmed national attribution published; classified as unknown origin pending further research.","unrated","needs-review","","ETDA Threat Actor Encyclopedia",""
"op-tainted-love","Operation Tainted Love","","state-linked-theft","State-linked Theft","China","Beijing","39.9042","116.4074","Country-level attribution pinned to capital","2023","Global","espionage; targeted intrusion; phishing","Conducting state-sponsored intrusion and espionage campaigns attributed to China.","ETDA Threat Actor Encyclopedia attributes Operation Tainted Love to China; country-level geo used for map pin.","unrated","needs-review","","ETDA Threat Actor Encyclopedia",""
"op-titan-rain","Operation Titan Rain","","state-linked-theft","State-linked Theft","China","Beijing","39.9042","116.4074","Country-level attribution pinned to capital","2003","Global","espionage; targeted intrusion; phishing","Conducting state-sponsored intrusion and espionage campaigns attributed to China.","ETDA Threat Actor Encyclopedia attributes Operation Titan Rain to China; country-level geo used for map pin.","unrated","needs-review","","ETDA Threat Actor Encyclopedia",""
"op-triangulation","Operation Triangulation","","state-linked-theft","State-linked Theft","Unknown","","","","No confirmed attribution","2023","Global","espionage; targeted intrusion; phishing","Conducting state-sponsored intrusion and espionage campaigns attributed to Unknown.","No confirmed national attribution published; classified as unknown origin pending further research.","unrated","needs-review","","ETDA Threat Actor Encyclopedia",""
"op-viceleaker","Operation ViceLeaker","","state-linked-theft","State-linked Theft","Unknown","","","","No confirmed attribution","2018","Global","espionage; targeted intrusion; phishing","Conducting state-sponsored intrusion and espionage campaigns attributed to Unknown.","No confirmed national attribution published; classified as unknown origin pending further research.","unrated","needs-review","","ETDA Threat Actor Encyclopedia",""
"op-windigo","Operation Windigo","","state-linked-theft","State-linked Theft","Russia","Moscow","55.7558","37.6173","Country-level attribution pinned to capital","2011","Global","espionage; targeted intrusion; phishing","Conducting state-sponsored intrusion and espionage campaigns attributed to Russia.","ETDA Threat Actor Encyclopedia attributes Operation Windigo to Russia; country-level geo used for map pin.","unrated","needs-review","","ETDA Threat Actor Encyclopedia",""
"op-wizardopium","Operation WizardOpium","","state-linked-theft","State-linked Theft","North Korea","Pyongyang","39.0392","125.7625","Country-level attribution pinned to capital","2019","Global","espionage; targeted intrusion; phishing","Conducting state-sponsored intrusion and espionage campaigns attributed to North Korea.","ETDA Threat Actor Encyclopedia attributes Operation WizardOpium to North Korea; country-level geo used for map pin.","unrated","needs-review","","ETDA Threat Actor Encyclopedia",""
"orangeworm","Orangeworm","","state-linked-theft","State-linked Theft","Unknown","","","","No confirmed attribution","2015","Global","espionage; targeted intrusion; phishing","Conducting state-sponsored intrusion and espionage campaigns attributed to Unknown.","No confirmed national attribution published; classified as unknown origin pending further research.","unrated","needs-review","","ETDA Threat Actor Encyclopedia",""
"ourmine","OurMine","","hacktivist","Hacktivist","Saudi Arabia","Riyadh","24.7136","46.6753","Country-level attribution pinned to capital","2016","Regional","hacktivism; disruption; defacement","Carrying out politically motivated disruptions, defacements, and data leak operations.","ETDA Threat Actor Encyclopedia attributes OurMine to Saudi Arabia; country-level geo used for map pin.","unrated","needs-review","","ETDA Threat Actor Encyclopedia",""
"pacha-group","Pacha Group","","crypto-crime","Crypto Crime","China","Beijing","39.9042","116.4074","Country-level attribution pinned to capital","2018","Global","cryptomining; financial theft","Targeting cryptocurrency platforms and mining infrastructure for financial gain.","ETDA Threat Actor Encyclopedia attributes Pacha Group to China; country-level geo used for map pin.","unrated","needs-review","","ETDA Threat Actor Encyclopedia",""
"packrat","Packrat","","state-linked-theft","State-linked Theft","Latin America","","","","Regional attribution only","2008","Regional","espionage; targeted intrusion; phishing","Conducting state-sponsored intrusion and espionage campaigns attributed to Latin America.","No confirmed national attribution published; classified as unknown origin pending further research.","unrated","needs-review","","ETDA Threat Actor Encyclopedia",""
"parinacota","Parinacota","","state-linked-theft","State-linked Theft","Unknown","","","","No confirmed attribution","2018","Global","espionage; targeted intrusion; phishing","Conducting state-sponsored intrusion and espionage campaigns attributed to Unknown.","No confirmed national attribution published; classified as unknown origin pending further research.","unrated","needs-review","","ETDA Threat Actor Encyclopedia",""
"parisite","Parisite","Fox Kitten; Pioneer Kitten","state-linked-theft","State-linked Theft","Iran","Tehran","35.6892","51.389","Country-level attribution pinned to capital","2017","Global","espionage; targeted intrusion; phishing","Conducting state-sponsored intrusion and espionage campaigns attributed to Iran.","ETDA Threat Actor Encyclopedia attributes Parisite to Iran; country-level geo used for map pin.","unrated","needs-review","","ETDA Threat Actor Encyclopedia",""
"passcv","PassCV","","state-linked-theft","State-linked Theft","China","Beijing","39.9042","116.4074","Country-level attribution pinned to capital","2016","Global","espionage; targeted intrusion; phishing","Conducting state-sponsored intrusion and espionage campaigns attributed to China.","ETDA Threat Actor Encyclopedia attributes PassCV to China; country-level geo used for map pin.","unrated","needs-review","","ETDA Threat Actor Encyclopedia",""
"pat-bear","Pat Bear","APT-C-37","state-linked-theft","State-linked Theft","Syria","Damascus","33.5138","36.2765","Country-level attribution pinned to capital","2015","Regional","espionage; targeted intrusion; phishing","Conducting state-sponsored intrusion and espionage campaigns attributed to Syria.","ETDA Threat Actor Encyclopedia attributes Pat Bear to Syria; country-level geo used for map pin.","unrated","needs-review","","ETDA Threat Actor Encyclopedia",""
"patchwork","Patchwork","Hangover Group; Dropping Elephant; Chinastrats; MONSOON; Operation Hangover","state-linked-theft","State-linked Theft","India","New Delhi","28.6139","77.209","Country-level attribution pinned to capital","2015","Regional","South Asia; espionage; government targeting","Targeting diplomatic and government-linked organizations through regional espionage campaigns that reuse and adapt a broad mix of publicly available tooling.","MITRE ATT&CK says Patchwork has not been definitively attributed but that circumstantial evidence suggests the group may be a pro-Indian or Indian entity; the atlas uses India as a cautious country-level origin inference.","unrated","needs-review","","MITRE ATT&CK, updated Oct 2025",""
"pinchy-spider","Pinchy Spider","Gold Southfield","state-linked-theft","State-linked Theft","Russia","Moscow","55.7558","37.6173","Country-level attribution pinned to capital","2018","Global","espionage; targeted intrusion; phishing","Conducting state-sponsored intrusion and espionage campaigns attributed to Russia.","ETDA Threat Actor Encyclopedia attributes Pinchy Spider to Russia; country-level geo used for map pin.","unrated","needs-review","","ETDA Threat Actor Encyclopedia",""
"pittytiger","PittyTiger","Pitty Panda","state-linked-theft","State-linked Theft","China","Beijing","39.9042","116.4074","Country-level attribution pinned to capital","2011","Global","espionage; targeted intrusion; phishing","Conducting state-sponsored intrusion and espionage campaigns attributed to China.","ETDA Threat Actor Encyclopedia attributes PittyTiger to China; country-level geo used for map pin.","unrated","needs-review","","ETDA Threat Actor Encyclopedia",""
"planetary-reef","Planetary Reef","","state-linked-theft","State-linked Theft","Indonesia","Jakarta","-6.2088","106.8456","Country-level attribution pinned to capital","2020","Regional","espionage; targeted intrusion; phishing","Conducting state-sponsored intrusion and espionage campaigns attributed to Indonesia.","ETDA Threat Actor Encyclopedia attributes Planetary Reef to Indonesia; country-level geo used for map pin.","unrated","needs-review","","ETDA Threat Actor Encyclopedia",""
"platinum","Platinum","","state-linked-theft","State-linked Theft","China","Beijing","39.9042","116.4074","Country-level attribution pinned to capital","2009","Global","espionage; targeted intrusion; phishing","Conducting state-sponsored intrusion and espionage campaigns attributed to China.","ETDA Threat Actor Encyclopedia attributes Platinum to China; country-level geo used for map pin.","unrated","needs-review","","ETDA Threat Actor Encyclopedia",""
"play","Play","PlayCrypt; Balloonfly","ransomware","Ransomware","Russia","Moscow","55.7558","37.6173","Country-level attribution pinned to capital","2022","Global","closed group; double extortion","Running fast-moving enterprise ransomware and extortion campaigns that have hit business, government, healthcare, and critical infrastructure targets.","MITRE ATT&CK tracks Play as a major ransomware group; when origin is described in open reporting it is often discussed as Russia- or CIS-linked, which this atlas treats as a cautious country-level inference.","unrated","needs-review","","MITRE ATT&CK / public reporting",""
"plushdaemon","PlushDaemon","","state-linked-theft","State-linked Theft","China","Beijing","39.9042","116.4074","Country-level attribution pinned to capital","2019","Global","espionage; targeted intrusion; phishing","Conducting state-sponsored intrusion and espionage campaigns attributed to China.","ETDA Threat Actor Encyclopedia attributes PlushDaemon to China; country-level geo used for map pin.","unrated","needs-review","","ETDA Threat Actor Encyclopedia",""
"poison-carp","Poison Carp","Evil Eye","state-linked-theft","State-linked Theft","China","Beijing","39.9042","116.4074","Country-level attribution pinned to capital","2018","Global","espionage; targeted intrusion; phishing","Conducting state-sponsored intrusion and espionage campaigns attributed to China.","ETDA Threat Actor Encyclopedia attributes Poison Carp to China; country-level geo used for map pin.","unrated","needs-review","","ETDA Threat Actor Encyclopedia",""
"polonium","Polonium","","state-linked-theft","State-linked Theft","Lebanon","Beirut","33.8938","35.5018","Country-level attribution pinned to capital","2022","Regional","espionage; targeted intrusion; phishing","Conducting state-sponsored intrusion and espionage campaigns attributed to Lebanon.","ETDA Threat Actor Encyclopedia attributes Polonium to Lebanon; country-level geo used for map pin.","unrated","needs-review","","ETDA Threat Actor Encyclopedia",""
"poseidon-group","Poseidon Group","","state-linked-theft","State-linked Theft","Brazil","Brasilia","-15.7939","-47.8828","Country-level attribution pinned to capital","2005","Global","espionage; targeted intrusion; phishing","Conducting state-sponsored intrusion and espionage campaigns attributed to Brazil.","ETDA Threat Actor Encyclopedia attributes Poseidon Group to Brazil; country-level geo used for map pin.","unrated","needs-review","","ETDA Threat Actor Encyclopedia",""
"powerpool","PowerPool","","state-linked-theft","State-linked Theft","Unknown","","","","No confirmed attribution","2018","Global","espionage; targeted intrusion; phishing","Conducting state-sponsored intrusion and espionage campaigns attributed to Unknown.","No confirmed national attribution published; classified as unknown origin pending further research.","unrated","needs-review","","ETDA Threat Actor Encyclopedia",""
"project-zero","Project Zero","","white-hat","White Hat","United States","Mountain View","37.3861","-122.0839","City-level attribution from public reporting","2014","Global","zero-day research; responsible disclosure","Researching high-impact vulnerabilities and publishing detailed analysis intended to improve the safety and security of widely used hardware and software.","Project Zero describes itself as Google's team of security researchers focused on zero-day vulnerabilities; the pin uses Google's official Mountain View global headquarters as the organization origin.","unrated","needs-review","","Project Zero / Google",""
"promethium","Promethium","StrongPity","state-linked-theft","State-linked Theft","Turkey","Ankara","39.9334","32.8597","Country-level attribution pinned to capital","2012","Global","espionage; targeted intrusion; phishing","Conducting state-sponsored intrusion and espionage campaigns attributed to Turkey.","ETDA Threat Actor Encyclopedia attributes Promethium to Turkey; country-level geo used for map pin.","unrated","needs-review","","ETDA Threat Actor Encyclopedia",""
"pusikurac","Pusikurac","","state-linked-theft","State-linked Theft","Unknown","","","","No confirmed attribution","2019","Global","espionage; targeted intrusion; phishing","Conducting state-sponsored intrusion and espionage campaigns attributed to Unknown.","No confirmed national attribution published; classified as unknown origin pending further research.","unrated","needs-review","","ETDA Threat Actor Encyclopedia",""
"rampant-kitten","Rampant Kitten","","state-linked-theft","State-linked Theft","Iran","Tehran","35.6892","51.389","Country-level attribution pinned to capital","2014","Global","espionage; targeted intrusion; phishing","Conducting state-sponsored intrusion and espionage campaigns attributed to Iran.","ETDA Threat Actor Encyclopedia attributes Rampant Kitten to Iran; country-level geo used for map pin.","unrated","needs-review","","ETDA Threat Actor Encyclopedia",""
"rancor","Rancor","","state-linked-theft","State-linked Theft","China","Beijing","39.9042","116.4074","Country-level attribution pinned to capital","2017","Global","espionage; targeted intrusion; phishing","Conducting state-sponsored intrusion and espionage campaigns attributed to China.","ETDA Threat Actor Encyclopedia attributes Rancor to China; country-level geo used for map pin.","unrated","needs-review","","ETDA Threat Actor Encyclopedia",""
"rapid7-labs","Rapid7 Labs","","white-hat","White Hat","United States","Boston","42.3601","-71.0589","City-level attribution from public reporting","2014","Global","internet telemetry; threat research; open data","Sharing trusted open-source research, internet-scale exposure findings, and threat landscape reporting through projects like Sonar and Lorelei.","Rapid7 presents Rapid7 Labs as its cybersecurity research arm, and official company materials describe Rapid7 as Boston-headquartered.","unrated","needs-review","","Rapid7 official site",""
"raticate","RATicate","","state-linked-theft","State-linked Theft","Unknown","","","","No confirmed attribution","2019","Global","espionage; targeted intrusion; phishing","Conducting state-sponsored intrusion and espionage campaigns attributed to Unknown.","No confirmed national attribution published; classified as unknown origin pending further research.","unrated","needs-review","","ETDA Threat Actor Encyclopedia",""
"redalpha","RedAlpha","","state-linked-theft","State-linked Theft","China","Beijing","39.9042","116.4074","Country-level attribution pinned to capital","2015","Global","espionage; targeted intrusion; phishing","Conducting state-sponsored intrusion and espionage campaigns attributed to China.","ETDA Threat Actor Encyclopedia attributes RedAlpha to China; country-level geo used for map pin.","unrated","needs-review","","ETDA Threat Actor Encyclopedia",""
"redcurl","RedCurl","","state-linked-theft","State-linked Theft","Unknown","","","","No confirmed attribution","2018","Global","espionage; targeted intrusion; phishing","Conducting state-sponsored intrusion and espionage campaigns attributed to Unknown.","No confirmed national attribution published; classified as unknown origin pending further research.","unrated","needs-review","","ETDA Threat Actor Encyclopedia",""
"reddelta","RedDelta","","state-linked-theft","State-linked Theft","China","Beijing","39.9042","116.4074","Country-level attribution pinned to capital","2020","Global","espionage; targeted intrusion; phishing","Conducting state-sponsored intrusion and espionage campaigns attributed to China.","ETDA Threat Actor Encyclopedia attributes RedDelta to China; country-level geo used for map pin.","unrated","needs-review","","ETDA Threat Actor Encyclopedia",""
"redecho","RedEcho","","state-linked-theft","State-linked Theft","China","Beijing","39.9042","116.4074","Country-level attribution pinned to capital","2020","Global","espionage; targeted intrusion; phishing","Conducting state-sponsored intrusion and espionage campaigns attributed to China.","ETDA Threat Actor Encyclopedia attributes RedEcho to China; country-level geo used for map pin.","unrated","needs-review","","ETDA Threat Actor Encyclopedia",""
"redfoxtrot","RedFoxtrot","","state-linked-theft","State-linked Theft","China","Beijing","39.9042","116.4074","Country-level attribution pinned to capital","2014","Global","espionage; targeted intrusion; phishing","Conducting state-sponsored intrusion and espionage campaigns attributed to China.","ETDA Threat Actor Encyclopedia attributes RedFoxtrot to China; country-level geo used for map pin.","unrated","needs-review","","ETDA Threat Actor Encyclopedia",""
"redgolf","RedGolf","","state-linked-theft","State-linked Theft","China","Beijing","39.9042","116.4074","Country-level attribution pinned to capital","2014","Global","espionage; targeted intrusion; phishing","Conducting state-sponsored intrusion and espionage campaigns attributed to China.","ETDA Threat Actor Encyclopedia attributes RedGolf to China; country-level geo used for map pin.","unrated","needs-review","","ETDA Threat Actor Encyclopedia",""
"redhotel","RedHotel","TAG-22","state-linked-theft","State-linked Theft","China","Beijing","39.9042","116.4074","Country-level attribution pinned to capital","2021","Global","espionage; targeted intrusion; phishing","Conducting state-sponsored intrusion and espionage campaigns attributed to China.","ETDA Threat Actor Encyclopedia attributes RedHotel to China; country-level geo used for map pin.","unrated","needs-review","","ETDA Threat Actor Encyclopedia",""
"resumelooters","ResumeLooters","","state-linked-theft","State-linked Theft","Unknown","","","","No confirmed attribution","2023","Global","espionage; targeted intrusion; phishing","Conducting state-sponsored intrusion and espionage campaigns attributed to Unknown.","No confirmed national attribution published; classified as unknown origin pending further research.","unrated","needs-review","","ETDA Threat Actor Encyclopedia",""
"retefe-gang","Retefe Gang","Operation Emmental","state-linked-theft","State-linked Theft","Russia","Moscow","55.7558","37.6173","Country-level attribution pinned to capital","2013","Global","espionage; targeted intrusion; phishing","Conducting state-sponsored intrusion and espionage campaigns attributed to Russia.","ETDA Threat Actor Encyclopedia attributes Retefe Gang to Russia; country-level geo used for map pin.","unrated","needs-review","","ETDA Threat Actor Encyclopedia",""
"revengehotels","RevengeHotels","","state-linked-theft","State-linked Theft","Unknown","","","","No confirmed attribution","2015","Global","espionage; targeted intrusion; phishing","Conducting state-sponsored intrusion and espionage campaigns attributed to Unknown.","No confirmed national attribution published; classified as unknown origin pending further research.","unrated","needs-review","","ETDA Threat Actor Encyclopedia",""
"riddle-spider","Riddle Spider","","state-linked-theft","State-linked Theft","Unknown","","","","No confirmed attribution","2020","Global","espionage; targeted intrusion; phishing","Conducting state-sponsored intrusion and espionage campaigns attributed to Unknown.","No confirmed national attribution published; classified as unknown origin pending further research.","unrated","needs-review","","ETDA Threat Actor Encyclopedia",""
"roaming-mantis","Roaming Mantis","","state-linked-theft","State-linked Theft","Unknown","","","","No confirmed attribution","2017","Global","espionage; targeted intrusion; phishing","Conducting state-sponsored intrusion and espionage campaigns attributed to Unknown.","No confirmed national attribution published; classified as unknown origin pending further research.","unrated","needs-review","","ETDA Threat Actor Encyclopedia",""
"roaming-tiger","Roaming Tiger","","state-linked-theft","State-linked Theft","China","Beijing","39.9042","116.4074","Country-level attribution pinned to capital","2014","Global","espionage; targeted intrusion; phishing","Conducting state-sponsored intrusion and espionage campaigns attributed to China.","ETDA Threat Actor Encyclopedia attributes Roaming Tiger to China; country-level geo used for map pin.","unrated","needs-review","","ETDA Threat Actor Encyclopedia",""
"rocket-kitten","Rocket Kitten","Newscaster; NewsBeef","crypto-crime","Crypto Crime","Iran","Tehran","35.6892","51.389","Country-level attribution pinned to capital","2011","Global","cryptomining; financial theft","Targeting cryptocurrency platforms and mining infrastructure for financial gain.","ETDA Threat Actor Encyclopedia attributes Rocket Kitten to Iran; country-level geo used for map pin.","unrated","needs-review","","ETDA Threat Actor Encyclopedia",""
"rtm","RTM","","banking-theft","Banking Theft","Russia","Moscow","55.7558","37.6173","Country-level attribution pinned to capital","2015","Global","banking malware; financial theft; credential theft","Executing financially motivated banking malware, credential theft, and fraud operations.","ETDA Threat Actor Encyclopedia attributes RTM to Russia; country-level geo used for map pin.","unrated","needs-review","","ETDA Threat Actor Encyclopedia",""
"safe","Safe","","state-linked-theft","State-linked Theft","China","Beijing","39.9042","116.4074","Country-level attribution pinned to capital","2013","Global","espionage; targeted intrusion; phishing","Conducting state-sponsored intrusion and espionage campaigns attributed to China.","ETDA Threat Actor Encyclopedia attributes Safe to China; country-level geo used for map pin.","unrated","needs-review","","ETDA Threat Actor Encyclopedia",""
"saintbear","SaintBear","Lorec53","state-linked-theft","State-linked Theft","Russia","Moscow","55.7558","37.6173","Country-level attribution pinned to capital","2021","Global","espionage; targeted intrusion; phishing","Conducting state-sponsored intrusion and espionage campaigns attributed to Russia.","ETDA Threat Actor Encyclopedia attributes SaintBear to Russia; country-level geo used for map pin.","unrated","needs-review","","ETDA Threat Actor Encyclopedia",""
"salt-typhoon","Salt Typhoon","GhostEmperor","state-linked-theft","State-linked Theft","China","Beijing","39.9042","116.4074","Country-level attribution pinned to capital","2020","Global","espionage; targeted intrusion; phishing","Conducting state-sponsored intrusion and espionage campaigns attributed to China.","ETDA Threat Actor Encyclopedia attributes Salt Typhoon to China; country-level geo used for map pin.","unrated","needs-review","","ETDA Threat Actor Encyclopedia",""
"salty-spider","Salty Spider","","banking-theft","Banking Theft","Russia","Moscow","55.7558","37.6173","Country-level attribution pinned to capital","2003","Global","banking malware; financial theft; credential theft","Executing financially motivated banking malware, credential theft, and fraud operations.","ETDA Threat Actor Encyclopedia attributes Salty Spider to Russia; country-level geo used for map pin.","unrated","needs-review","","ETDA Threat Actor Encyclopedia",""
"samurai-panda","Samurai Panda","","state-linked-theft","State-linked Theft","China","Beijing","39.9042","116.4074","Country-level attribution pinned to capital","2009","Global","espionage; targeted intrusion; phishing","Conducting state-sponsored intrusion and espionage campaigns attributed to China.","ETDA Threat Actor Encyclopedia attributes Samurai Panda to China; country-level geo used for map pin.","unrated","needs-review","","ETDA Threat Actor Encyclopedia",""
"sandcat","SandCat","","state-linked-theft","State-linked Theft","Uzbekistan","Tashkent","41.2995","69.2401","Country-level attribution pinned to capital","2018","Regional","espionage; targeted intrusion; phishing","Conducting state-sponsored intrusion and espionage campaigns attributed to Uzbekistan.","ETDA Threat Actor Encyclopedia attributes SandCat to Uzbekistan; country-level geo used for map pin.","unrated","needs-review","","ETDA Threat Actor Encyclopedia",""
"sandman","Sandman","","state-linked-theft","State-linked Theft","China","Beijing","39.9042","116.4074","Country-level attribution pinned to capital","2022","Global","espionage; targeted intrusion; phishing","Conducting state-sponsored intrusion and espionage campaigns attributed to China.","ETDA Threat Actor Encyclopedia attributes Sandman to China; country-level geo used for map pin.","unrated","needs-review","","ETDA Threat Actor Encyclopedia",""
"sandworm","Sandworm Team","Voodoo Bear; Seashell Blizzard; IRIDIUM","state-linked-theft","State-linked Theft","Russia","Moscow","55.7558","37.6173","Country-level attribution pinned to capital","2009","Global","destructive ops; critical infrastructure","Launching some of the world’s most notorious disruptive and destructive cyber operations, including activity tied to attacks on critical infrastructure and wiper campaigns.","MITRE ATT&CK tracks Sandworm Team as a Russian state-sponsored threat group associated with the GRU; the map uses a country-level Russia attribution pinned to Moscow.","unrated","needs-review","","MITRE ATT&CK, updated Apr 2025",""
"scarab","Scarab","","state-linked-theft","State-linked Theft","China","Beijing","39.9042","116.4074","Country-level attribution pinned to capital","2012","Global","espionage; targeted intrusion; phishing","Conducting state-sponsored intrusion and espionage campaigns attributed to China.","ETDA Threat Actor Encyclopedia attributes Scarab to China; country-level geo used for map pin.","unrated","needs-review","","ETDA Threat Actor Encyclopedia",""
"scarlet-mimic","Scarlet Mimic","","state-linked-theft","State-linked Theft","China","Beijing","39.9042","116.4074","Country-level attribution pinned to capital","2015","Global","espionage; targeted intrusion; phishing","Conducting state-sponsored intrusion and espionage campaigns attributed to China.","ETDA Threat Actor Encyclopedia attributes Scarlet Mimic to China; country-level geo used for map pin.","unrated","needs-review","","ETDA Threat Actor Encyclopedia",""
"scattered-spider","Scattered Spider","UNC3944; Octo Tempest; 0ktapus","cybercrime","Cybercrime","Unknown","","","","No confirmed attribution","2022","Global","social engineering; identity attacks; data theft; extortion","Using sophisticated social engineering against help desks and identity systems to steal data, extort victims, and sometimes deploy ransomware.","CISA and the FBI describe Scattered Spider as a cybercriminal group. Public reporting does not support classifying it as a state-linked actor or assigning it a fixed national origin.","high","reviewed","2026-09-09","CISA / FBI Joint Cybersecurity Advisory AA23-320A","https://www.cisa.gov/news-events/cybersecurity-advisories/aa23-320a"
"scully-spider","Scully Spider","TA547","state-linked-theft","State-linked Theft","Unknown","","","","No confirmed attribution","2017","Global","espionage; targeted intrusion; phishing","Conducting state-sponsored intrusion and espionage campaigns attributed to Unknown.","No confirmed national attribution published; classified as unknown origin pending further research.","unrated","needs-review","","ETDA Threat Actor Encyclopedia",""
"sea-turtle","Sea Turtle","","hacktivist","Hacktivist","Turkey","Ankara","39.9334","32.8597","Country-level attribution pinned to capital","2017","Global","hacktivism; disruption; defacement","Carrying out politically motivated disruptions, defacements, and data leak operations.","ETDA Threat Actor Encyclopedia attributes Sea Turtle to Turkey; country-level geo used for map pin.","unrated","needs-review","","ETDA Threat Actor Encyclopedia",""
"secureworks-ctu","Secureworks CTU","Counter Threat Unit","white-hat","White Hat","United States","Atlanta","33.749","-84.388","City-level attribution from public reporting","2010","Global","threat intelligence; incident response; research","Tracking hundreds of threat groups and publishing durable naming, attribution, and intrusion-analysis work through its Counter Threat Unit research team.","Secureworks describes CTU as its dedicated threat research team, and longstanding official materials identify the company with Atlanta, Georgia.","unrated","needs-review","","Secureworks official site",""
"sentinellabs","SentinelLABS","","white-hat","White Hat","United States","Mountain View","37.3861","-122.0839","City-level attribution from public reporting","2022","Global","security research; adversary tracking; malware analysis","Publishing fast-moving research on malware, exploit chains, cybercrime operations, and state-linked campaigns through an open community-focused research platform.","SentinelOne describes SentinelLABS as its open research venue and identifies Mountain View, California as the company headquarters used for this map pin.","unrated","needs-review","","SentinelOne / SentinelLABS",""
"shadow-academy","Shadow Academy","","state-linked-theft","State-linked Theft","Unknown","","","","No confirmed attribution","2020","Global","espionage; targeted intrusion; phishing","Conducting state-sponsored intrusion and espionage campaigns attributed to Unknown.","No confirmed national attribution published; classified as unknown origin pending further research.","unrated","needs-review","","ETDA Threat Actor Encyclopedia",""
"shadow-brokers","Shadow Brokers","","darknet-market","Darknet Market","United States","Washington, DC","38.9072","-77.0369","Country-level attribution pinned to capital","2016","Global","surveillance tools; illicit services","Providing commercial surveillance tools, exploit services, or illicit marketplace infrastructure.","ETDA Threat Actor Encyclopedia attributes Shadow Brokers to United States; country-level geo used for map pin.","unrated","needs-review","","ETDA Threat Actor Encyclopedia",""
"shadow-network","Shadow Network","","state-linked-theft","State-linked Theft","China","Beijing","39.9042","116.4074","Country-level attribution pinned to capital","2010","Global","espionage; targeted intrusion; phishing","Conducting state-sponsored intrusion and espionage campaigns attributed to China.","ETDA Threat Actor Encyclopedia attributes Shadow Network to China; country-level geo used for map pin.","unrated","needs-review","","ETDA Threat Actor Encyclopedia",""
"shaggypanther","ShaggyPanther","","state-linked-theft","State-linked Theft","China","Beijing","39.9042","116.4074","Country-level attribution pinned to capital","2018","Global","espionage; targeted intrusion; phishing","Conducting state-sponsored intrusion and espionage campaigns attributed to China.","ETDA Threat Actor Encyclopedia attributes ShaggyPanther to China; country-level geo used for map pin.","unrated","needs-review","","ETDA Threat Actor Encyclopedia",""
"shark-spider","Shark Spider","","banking-theft","Banking Theft","Russia","Moscow","55.7558","37.6173","Country-level attribution pinned to capital","2011","Global","banking malware; financial theft; credential theft","Executing financially motivated banking malware, credential theft, and fraud operations.","ETDA Threat Actor Encyclopedia attributes Shark Spider to Russia; country-level geo used for map pin.","unrated","needs-review","","ETDA Threat Actor Encyclopedia",""
"sharppanda","SharpPanda","Sharp Dragon","state-linked-theft","State-linked Theft","China","Beijing","39.9042","116.4074","Country-level attribution pinned to capital","2018","Global","espionage; targeted intrusion; phishing","Conducting state-sponsored intrusion and espionage campaigns attributed to China.","ETDA Threat Actor Encyclopedia attributes SharpPanda to China; country-level geo used for map pin.","unrated","needs-review","","ETDA Threat Actor Encyclopedia",""
"shinyhunters","ShinyHunters","","cybercrime","Cybercrime","Unknown","","","","No confirmed attribution","2020","Global","data theft; extortion; credential market","Executing data theft, credential harvesting, and criminal extortion operations.","No confirmed national attribution published; classified as unknown origin pending further research.","unrated","needs-review","","ETDA Threat Actor Encyclopedia",""
"shroudedsnooper","ShroudedSnooper","","state-linked-theft","State-linked Theft","Unknown","","","","No confirmed attribution","2023","Global","espionage; targeted intrusion; phishing","Conducting state-sponsored intrusion and espionage campaigns attributed to Unknown.","No confirmed national attribution published; classified as unknown origin pending further research.","unrated","needs-review","","ETDA Threat Actor Encyclopedia",""
"sidecopy","SideCopy","","state-linked-theft","State-linked Theft","Pakistan","Islamabad","33.6844","73.0479","Country-level attribution pinned to capital","2019","Regional","South Asia; espionage; credential theft","Mimicking Sidewinder-style infection chains to target government and military personnel across South Asia with lures, malware loaders, and credential harvesting.","MITRE ATT&CK identifies SideCopy as a Pakistani threat group that has primarily targeted South Asian countries since at least 2019.","unrated","needs-review","","MITRE ATT&CK, updated Apr 2025",""
"sidewinder","Sidewinder","T-APT-04; Rattlesnake","state-linked-theft","State-linked Theft","India","New Delhi","28.6139","77.209","Country-level attribution pinned to capital","2012","Regional","South Asia; espionage; military targeting","Running long-running espionage campaigns across Asia with a strong focus on military, government, and business targets in neighboring countries.","MITRE ATT&CK tracks Sidewinder as a suspected Indian threat actor group active since at least 2012.","unrated","needs-review","","MITRE ATT&CK, updated Apr 2024",""
"siesta","Siesta","","state-linked-theft","State-linked Theft","China","Beijing","39.9042","116.4074","Country-level attribution pinned to capital","2014","Global","espionage; targeted intrusion; phishing","Conducting state-sponsored intrusion and espionage campaigns attributed to China.","ETDA Threat Actor Encyclopedia attributes Siesta to China; country-level geo used for map pin.","unrated","needs-review","","ETDA Threat Actor Encyclopedia",""
"silence","Silence","Contract Crew","state-linked-theft","State-linked Theft","Unknown","","","","No confirmed attribution","2016","Global","espionage; targeted intrusion; phishing","Conducting state-sponsored intrusion and espionage campaigns attributed to Unknown.","No confirmed national attribution published; classified as unknown origin pending further research.","unrated","needs-review","","ETDA Threat Actor Encyclopedia",""
"silverterrier","SilverTerrier","","bec-fraud","BEC / Fraud","Nigeria","Abuja","9.0765","7.3986","Country-level attribution pinned to capital","2014","Global","BEC; financial theft","Stealing money through business email compromise and malware-enabled fraud targeting education, manufacturing, and technology victims.","MITRE ATT&CK describes SilverTerrier as a Nigerian threat group active since 2014 and tied to financial-theft campaigns.","unrated","needs-review","","MITRE ATT&CK, updated Sep 2023",""
"sima","Sima","","state-linked-theft","State-linked Theft","Iran","Tehran","35.6892","51.389","Country-level attribution pinned to capital","2016","Global","espionage; targeted intrusion; phishing","Conducting state-sponsored intrusion and espionage campaigns attributed to Iran.","ETDA Threat Actor Encyclopedia attributes Sima to Iran; country-level geo used for map pin.","unrated","needs-review","","ETDA Threat Actor Encyclopedia",""
"slingshot","Slingshot","","state-linked-theft","State-linked Theft","Unknown","","","","No confirmed attribution","2012","Global","espionage; targeted intrusion; phishing","Conducting state-sponsored intrusion and espionage campaigns attributed to Unknown.","No confirmed national attribution published; classified as unknown origin pending further research.","unrated","needs-review","","ETDA Threat Actor Encyclopedia",""
"smoky-spider","Smoky Spider","","state-linked-theft","State-linked Theft","Unknown","","","","No confirmed attribution","2011","Global","espionage; targeted intrusion; phishing","Conducting state-sponsored intrusion and espionage campaigns attributed to Unknown.","No confirmed national attribution published; classified as unknown origin pending further research.","unrated","needs-review","","ETDA Threat Actor Encyclopedia",""
"snowglobe","Snowglobe","Animal Farm","state-linked-theft","State-linked Theft","France","Paris","48.8566","2.3522","Country-level attribution pinned to capital","2011","Global","espionage; targeted intrusion; phishing","Conducting state-sponsored intrusion and espionage campaigns attributed to France.","ETDA Threat Actor Encyclopedia attributes Snowglobe to France; country-level geo used for map pin.","unrated","needs-review","","ETDA Threat Actor Encyclopedia",""
"sowbug","Sowbug","","state-linked-theft","State-linked Theft","Unknown","","","","No confirmed attribution","2015","Global","espionage; targeted intrusion; phishing","Conducting state-sponsored intrusion and espionage campaigns attributed to Unknown.","No confirmed national attribution published; classified as unknown origin pending further research.","unrated","needs-review","","ETDA Threat Actor Encyclopedia",""
"space-pirates","Space Pirates","","state-linked-theft","State-linked Theft","China","Beijing","39.9042","116.4074","Country-level attribution pinned to capital","2017","Global","espionage; targeted intrusion; phishing","Conducting state-sponsored intrusion and espionage campaigns attributed to China.","ETDA Threat Actor Encyclopedia attributes Space Pirates to China; country-level geo used for map pin.","unrated","needs-review","","ETDA Threat Actor Encyclopedia",""
"sphinx","Sphinx","","state-linked-theft","State-linked Theft","Unknown","","","","No confirmed attribution","2014","Global","espionage; targeted intrusion; phishing","Conducting state-sponsored intrusion and espionage campaigns attributed to Unknown.","No confirmed national attribution published; classified as unknown origin pending further research.","unrated","needs-review","","ETDA Threat Actor Encyclopedia",""
"sprite-spider","Sprite Spider","Gold Dupont","state-linked-theft","State-linked Theft","Unknown","","","","No confirmed attribution","2015","Global","espionage; targeted intrusion; phishing","Conducting state-sponsored intrusion and espionage campaigns attributed to Unknown.","No confirmed national attribution published; classified as unknown origin pending further research.","unrated","needs-review","","ETDA Threat Actor Encyclopedia",""
"stealth-falcon","Stealth Falcon","FruityArmor","state-linked-theft","State-linked Theft","UAE","Abu Dhabi","24.4539","54.3773","Country-level attribution pinned to capital","2012","Regional","espionage; targeted intrusion; phishing","Conducting state-sponsored intrusion and espionage campaigns attributed to UAE.","ETDA Threat Actor Encyclopedia attributes Stealth Falcon to UAE; country-level geo used for map pin.","unrated","needs-review","","ETDA Threat Actor Encyclopedia",""
"stone-panda","Stone Panda","APT 10; menuPass","state-linked-theft","State-linked Theft","China","Beijing","39.9042","116.4074","Country-level attribution pinned to capital","2006","Global","espionage; targeted intrusion; phishing","Conducting state-sponsored intrusion and espionage campaigns attributed to China.","ETDA Threat Actor Encyclopedia attributes Stone Panda to China; country-level geo used for map pin.","unrated","needs-review","","ETDA Threat Actor Encyclopedia",""
"storm-0558","Storm-0558","","state-linked-theft","State-linked Theft","China","Beijing","39.9042","116.4074","Country-level attribution pinned to capital","2023","Global","espionage; targeted intrusion; phishing","Conducting state-sponsored intrusion and espionage campaigns attributed to China.","ETDA Threat Actor Encyclopedia attributes Storm-0558 to China; country-level geo used for map pin.","unrated","needs-review","","ETDA Threat Actor Encyclopedia",""
"strider","Strider","ProjectSauron","state-linked-theft","State-linked Theft","United States","Washington, DC","38.9072","-77.0369","Country-level attribution pinned to capital","2011","Global","nation-state; CNO; zero-days","Conducting state-sponsored intrusion and espionage campaigns attributed to United States.","ETDA Threat Actor Encyclopedia attributes Strider to United States; country-level geo used for map pin.","unrated","needs-review","","ETDA Threat Actor Encyclopedia",""
"suckfly","Suckfly","","state-linked-theft","State-linked Theft","China","Beijing","39.9042","116.4074","Country-level attribution pinned to capital","2014","Global","espionage; targeted intrusion; phishing","Conducting state-sponsored intrusion and espionage campaigns attributed to China.","ETDA Threat Actor Encyclopedia attributes Suckfly to China; country-level geo used for map pin.","unrated","needs-review","","ETDA Threat Actor Encyclopedia",""
"suncrypt-gang","SunCrypt Gang","","ransomware","Ransomware","Unknown","","","","No confirmed attribution","2019","Global","ransomware; double extortion; RaaS","Operating ransomware campaigns and extortion operations against enterprise and critical-sector victims.","No confirmed national attribution published; classified as unknown origin pending further research.","unrated","needs-review","","ETDA Threat Actor Encyclopedia",""
"sweed","Sweed","","state-linked-theft","State-linked Theft","Unknown","","","","No confirmed attribution","2017","Global","espionage; targeted intrusion; phishing","Conducting state-sponsored intrusion and espionage campaigns attributed to Unknown.","No confirmed national attribution published; classified as unknown origin pending further research.","unrated","needs-review","","ETDA Threat Actor Encyclopedia",""
"syrian-electronic-army-sea","Syrian Electronic Army (SEA)","Deadeye Jackal","hacktivist","Hacktivist","Syria","Damascus","33.5138","36.2765","Country-level attribution pinned to capital","2011","Regional","hacktivism; disruption; defacement","Carrying out politically motivated disruptions, defacements, and data leak operations.","ETDA Threat Actor Encyclopedia attributes Syrian Electronic Army (SEA) to Syria; country-level geo used for map pin.","unrated","needs-review","","ETDA Threat Actor Encyclopedia",""
"ta2101","TA2101","Maze Team","ransomware","Ransomware","Unknown","","","","No confirmed attribution","2019","Global","ransomware; double extortion; RaaS","Operating ransomware campaigns and extortion operations against enterprise and critical-sector victims.","No confirmed national attribution published; classified as unknown origin pending further research.","unrated","needs-review","","ETDA Threat Actor Encyclopedia",""
"ta2541","TA2541","","state-linked-theft","State-linked Theft","Unknown","","","","No confirmed attribution","2017","Global","espionage; targeted intrusion; phishing","Conducting state-sponsored intrusion and espionage campaigns attributed to Unknown.","No confirmed national attribution published; classified as unknown origin pending further research.","unrated","needs-review","","ETDA Threat Actor Encyclopedia",""
"ta2552","TA2552","","state-linked-theft","State-linked Theft","Unknown","","","","No confirmed attribution","2019","Global","espionage; targeted intrusion; phishing","Conducting state-sponsored intrusion and espionage campaigns attributed to Unknown.","No confirmed national attribution published; classified as unknown origin pending further research.","unrated","needs-review","","ETDA Threat Actor Encyclopedia",""
"ta2722","TA2722","","state-linked-theft","State-linked Theft","Unknown","","","","No confirmed attribution","2020","Global","espionage; targeted intrusion; phishing","Conducting state-sponsored intrusion and espionage campaigns attributed to Unknown.","No confirmed national attribution published; classified as unknown origin pending further research.","unrated","needs-review","","ETDA Threat Actor Encyclopedia",""
"ta413","TA413","","state-linked-theft","State-linked Theft","China","Beijing","39.9042","116.4074","Country-level attribution pinned to capital","2019","Global","espionage; targeted intrusion; phishing","Conducting state-sponsored intrusion and espionage campaigns attributed to China.","ETDA Threat Actor Encyclopedia attributes TA413 to China; country-level geo used for map pin.","unrated","needs-review","","ETDA Threat Actor Encyclopedia",""
"ta428","TA428","","state-linked-theft","State-linked Theft","China","Beijing","39.9042","116.4074","Country-level attribution pinned to capital","2013","Global","espionage; targeted intrusion; phishing","Conducting state-sponsored intrusion and espionage campaigns attributed to China.","ETDA Threat Actor Encyclopedia attributes TA428 to China; country-level geo used for map pin.","unrated","needs-review","","ETDA Threat Actor Encyclopedia",""
"ta455","TA455","Smoke Sandstorm","state-linked-theft","State-linked Theft","Iran","Tehran","35.6892","51.389","Country-level attribution pinned to capital","2021","Global","espionage; targeted intrusion; phishing","Conducting state-sponsored intrusion and espionage campaigns attributed to Iran.","ETDA Threat Actor Encyclopedia attributes TA455 to Iran; country-level geo used for map pin.","unrated","needs-review","","ETDA Threat Actor Encyclopedia",""
"ta459","TA459","","state-linked-theft","State-linked Theft","China","Beijing","39.9042","116.4074","Country-level attribution pinned to capital","2017","Global","espionage; targeted intrusion; phishing","Conducting state-sponsored intrusion and espionage campaigns attributed to China.","ETDA Threat Actor Encyclopedia attributes TA459 to China; country-level geo used for map pin.","unrated","needs-review","","ETDA Threat Actor Encyclopedia",""
"ta505","TA505","Cl0p; Hive0065; Spandex Tempest; CHIMBORAZO","ransomware","Ransomware","Russia","Moscow","55.7558","37.6173","Country-level attribution pinned to capital","2014","Global","Cl0p; malspam; loader ecosystem","Driving major cybercrime spam waves and later large-scale Cl0p ransomware and extortion activity against enterprise victims worldwide.","MITRE ATT&CK tracks TA505 as a major cybercrime group; open reporting broadly describes the operation as Russian-speaking, and the atlas reflects that as a country-level Russia origin inference.","unrated","needs-review","","MITRE ATT&CK / public reporting",""
"ta511","TA511","","state-linked-theft","State-linked Theft","Unknown","","","","No confirmed attribution","2018","Global","espionage; targeted intrusion; phishing","Conducting state-sponsored intrusion and espionage campaigns attributed to Unknown.","No confirmed national attribution published; classified as unknown origin pending further research.","unrated","needs-review","","ETDA Threat Actor Encyclopedia",""
"ta516","TA516","","state-linked-theft","State-linked Theft","Unknown","","","","No confirmed attribution","2016","Global","espionage; targeted intrusion; phishing","Conducting state-sponsored intrusion and espionage campaigns attributed to Unknown.","No confirmed national attribution published; classified as unknown origin pending further research.","unrated","needs-review","","ETDA Threat Actor Encyclopedia",""
"ta530","TA530","","state-linked-theft","State-linked Theft","Unknown","","","","No confirmed attribution","2016","Global","espionage; targeted intrusion; phishing","Conducting state-sponsored intrusion and espionage campaigns attributed to Unknown.","No confirmed national attribution published; classified as unknown origin pending further research.","unrated","needs-review","","ETDA Threat Actor Encyclopedia",""
"ta554","TA554","","state-linked-theft","State-linked Theft","Unknown","","","","No confirmed attribution","2017","Global","espionage; targeted intrusion; phishing","Conducting state-sponsored intrusion and espionage campaigns attributed to Unknown.","No confirmed national attribution published; classified as unknown origin pending further research.","unrated","needs-review","","ETDA Threat Actor Encyclopedia",""
"ta555","TA555","","state-linked-theft","State-linked Theft","Unknown","","","","No confirmed attribution","2018","Global","espionage; targeted intrusion; phishing","Conducting state-sponsored intrusion and espionage campaigns attributed to Unknown.","No confirmed national attribution published; classified as unknown origin pending further research.","unrated","needs-review","","ETDA Threat Actor Encyclopedia",""
"ta558","TA558","","state-linked-theft","State-linked Theft","Unknown","","","","No confirmed attribution","2018","Global","espionage; targeted intrusion; phishing","Conducting state-sponsored intrusion and espionage campaigns attributed to Unknown.","No confirmed national attribution published; classified as unknown origin pending further research.","unrated","needs-review","","ETDA Threat Actor Encyclopedia",""
"tag-100","TAG-100","","state-linked-theft","State-linked Theft","China","Beijing","39.9042","116.4074","Country-level attribution pinned to capital","2024","Global","espionage; targeted intrusion; phishing","Conducting state-sponsored intrusion and espionage campaigns attributed to China.","ETDA Threat Actor Encyclopedia attributes TAG-100 to China; country-level geo used for map pin.","unrated","needs-review","","ETDA Threat Actor Encyclopedia",""
"tag-28","TAG-28","","state-linked-theft","State-linked Theft","China","Beijing","39.9042","116.4074","Country-level attribution pinned to capital","2021","Global","espionage; targeted intrusion; phishing","Conducting state-sponsored intrusion and espionage campaigns attributed to China.","ETDA Threat Actor Encyclopedia attributes TAG-28 to China; country-level geo used for map pin.","unrated","needs-review","","ETDA Threat Actor Encyclopedia",""
"tag-38","TAG-38","","state-linked-theft","State-linked Theft","China","Beijing","39.9042","116.4074","Country-level attribution pinned to capital","2021","Global","espionage; targeted intrusion; phishing","Conducting state-sponsored intrusion and espionage campaigns attributed to China.","ETDA Threat Actor Encyclopedia attributes TAG-38 to China; country-level geo used for map pin.","unrated","needs-review","","ETDA Threat Actor Encyclopedia",""
"taidoor","Taidoor","","state-linked-theft","State-linked Theft","China","Beijing","39.9042","116.4074","Country-level attribution pinned to capital","2008","Global","espionage; targeted intrusion; phishing","Conducting state-sponsored intrusion and espionage campaigns attributed to China.","ETDA Threat Actor Encyclopedia attributes Taidoor to China; country-level geo used for map pin.","unrated","needs-review","","ETDA Threat Actor Encyclopedia",""
"taskmasters","TaskMasters","","state-linked-theft","State-linked Theft","China","Beijing","39.9042","116.4074","Country-level attribution pinned to capital","2010","Global","espionage; targeted intrusion; phishing","Conducting state-sponsored intrusion and espionage campaigns attributed to China.","ETDA Threat Actor Encyclopedia attributes TaskMasters to China; country-level geo used for map pin.","unrated","needs-review","","ETDA Threat Actor Encyclopedia",""
"team-cymru","Team Cymru","","white-hat","White Hat","United States","Lake Mary","28.7589","-81.3178","City-level attribution from public reporting","1998","Global","threat intel; BGP security; collective defense","Supplying widely used internet intelligence, botnet visibility, routing security expertise, and operational support to defenders and service providers.","Team Cymru's official contact and press materials place the organization in Lake Mary, Florida, which the atlas uses as its origin pin.","unrated","needs-review","","Team Cymru official site",""
"teamspy-crew","TeamSpy Crew","","state-linked-theft","State-linked Theft","Russia","Moscow","55.7558","37.6173","Country-level attribution pinned to capital","2010","Global","espionage; targeted intrusion; phishing","Conducting state-sponsored intrusion and espionage campaigns attributed to Russia.","ETDA Threat Actor Encyclopedia attributes TeamSpy Crew to Russia; country-level geo used for map pin.","unrated","needs-review","","ETDA Threat Actor Encyclopedia",""
"telebots","TeleBots","","state-linked-theft","State-linked Theft","Russia","Moscow","55.7558","37.6173","Country-level attribution pinned to capital","2015","Global","espionage; targeted intrusion; phishing","Conducting state-sponsored intrusion and espionage campaigns attributed to Russia.","ETDA Threat Actor Encyclopedia attributes TeleBots to Russia; country-level geo used for map pin.","unrated","needs-review","","ETDA Threat Actor Encyclopedia",""
"temp-veles","TEMP.Veles","","state-linked-theft","State-linked Theft","Russia","Moscow","55.7558","37.6173","Country-level attribution pinned to capital","2014","Global","espionage; targeted intrusion; phishing","Conducting state-sponsored intrusion and espionage campaigns attributed to Russia.","ETDA Threat Actor Encyclopedia attributes TEMP.Veles to Russia; country-level geo used for map pin.","unrated","needs-review","","ETDA Threat Actor Encyclopedia",""
"temper-panda","Temper Panda","admin@338","state-linked-theft","State-linked Theft","China","Beijing","39.9042","116.4074","Country-level attribution pinned to capital","2014","Global","espionage; targeted intrusion; phishing","Conducting state-sponsored intrusion and espionage campaigns attributed to China.","ETDA Threat Actor Encyclopedia attributes Temper Panda to China; country-level geo used for map pin.","unrated","needs-review","","ETDA Threat Actor Encyclopedia",""
"tempting-cedar-spyware","Tempting Cedar Spyware","","state-linked-theft","State-linked Theft","Lebanon","Beirut","33.8938","35.5018","Country-level attribution pinned to capital","2015","Regional","espionage; targeted intrusion; phishing","Conducting state-sponsored intrusion and espionage campaigns attributed to Lebanon.","ETDA Threat Actor Encyclopedia attributes Tempting Cedar Spyware to Lebanon; country-level geo used for map pin.","unrated","needs-review","","ETDA Threat Actor Encyclopedia",""
"terbium","Terbium","","state-linked-theft","State-linked Theft","Unknown","","","","No confirmed attribution","2012","Global","espionage; targeted intrusion; phishing","Conducting state-sponsored intrusion and espionage campaigns attributed to Unknown.","No confirmed national attribution published; classified as unknown origin pending further research.","unrated","needs-review","","ETDA Threat Actor Encyclopedia",""
"the-big-bang","The Big Bang","","state-linked-theft","State-linked Theft","Unknown","","","","No confirmed attribution","2017","Global","espionage; targeted intrusion; phishing","Conducting state-sponsored intrusion and espionage campaigns attributed to Unknown.","No confirmed national attribution published; classified as unknown origin pending further research.","unrated","needs-review","","ETDA Threat Actor Encyclopedia",""
"shadowserver-foundation","The Shadowserver Foundation","","white-hat","White Hat","United States","Pleasanton","37.6624","-121.8747","City-level attribution from public reporting","2004","Global","internet telemetry; sinkholing; free reporting","Providing large-scale public-benefit telemetry, daily network exposure reporting, and support for defenders, CERTs, and law enforcement worldwide.","Shadowserver's official fact sheet lists U.S. offices in California; the atlas uses Pleasanton, California from the current fact sheet as the organization origin point.","unrated","needs-review","","Shadowserver official fact sheet",""
"the-white-company","The White Company","","state-linked-theft","State-linked Theft","Unknown","","","","No confirmed attribution","2017","Global","espionage; targeted intrusion; phishing","Conducting state-sponsored intrusion and espionage campaigns attributed to Unknown.","No confirmed national attribution published; classified as unknown origin pending further research.","unrated","needs-review","","ETDA Threat Actor Encyclopedia",""
"thewizards","TheWizards","","state-linked-theft","State-linked Theft","China","Beijing","39.9042","116.4074","Country-level attribution pinned to capital","2022","Global","espionage; targeted intrusion; phishing","Conducting state-sponsored intrusion and espionage campaigns attributed to China.","ETDA Threat Actor Encyclopedia attributes TheWizards to China; country-level geo used for map pin.","unrated","needs-review","","ETDA Threat Actor Encyclopedia",""
"tidrone","TIDRONE","","state-linked-theft","State-linked Theft","Unknown","","","","No confirmed attribution","2024","Global","espionage; targeted intrusion; phishing","Conducting state-sponsored intrusion and espionage campaigns attributed to Unknown.","No confirmed national attribution published; classified as unknown origin pending further research.","unrated","needs-review","","ETDA Threat Actor Encyclopedia",""
"tiny-spider","Tiny Spider","","state-linked-theft","State-linked Theft","Unknown","","","","No confirmed attribution","2015","Global","espionage; targeted intrusion; phishing","Conducting state-sponsored intrusion and espionage campaigns attributed to Unknown.","No confirmed national attribution published; classified as unknown origin pending further research.","unrated","needs-review","","ETDA Threat Actor Encyclopedia",""
"toddycat","ToddyCat","","state-linked-theft","State-linked Theft","China","Beijing","39.9042","116.4074","Country-level attribution pinned to capital","2020","Global","espionage; targeted intrusion; phishing","Conducting state-sponsored intrusion and espionage campaigns attributed to China.","ETDA Threat Actor Encyclopedia attributes ToddyCat to China; country-level geo used for map pin.","unrated","needs-review","","ETDA Threat Actor Encyclopedia",""
"tomiris","Tomiris","","state-linked-theft","State-linked Theft","Unknown","","","","No confirmed attribution","2020","Global","espionage; targeted intrusion; phishing","Conducting state-sponsored intrusion and espionage campaigns attributed to Unknown.","No confirmed national attribution published; classified as unknown origin pending further research.","unrated","needs-review","","ETDA Threat Actor Encyclopedia",""
"tonto-team","Tonto Team","HartBeat; Karma Panda","state-linked-theft","State-linked Theft","China","Beijing","39.9042","116.4074","Country-level attribution pinned to capital","2009","Global","espionage; targeted intrusion; phishing","Conducting state-sponsored intrusion and espionage campaigns attributed to China.","ETDA Threat Actor Encyclopedia attributes Tonto Team to China; country-level geo used for map pin.","unrated","needs-review","","ETDA Threat Actor Encyclopedia",""
"tortilla","Tortilla","","state-linked-theft","State-linked Theft","Unknown","","","","No confirmed attribution","2021","Global","espionage; targeted intrusion; phishing","Conducting state-sponsored intrusion and espionage campaigns attributed to Unknown.","No confirmed national attribution published; classified as unknown origin pending further research.","unrated","needs-review","","ETDA Threat Actor Encyclopedia",""
"tortoiseshell","Tortoiseshell","Imperial Kitten","state-linked-theft","State-linked Theft","Iran","Tehran","35.6892","51.389","Country-level attribution pinned to capital","2018","Global","espionage; targeted intrusion; phishing","Conducting state-sponsored intrusion and espionage campaigns attributed to Iran.","ETDA Threat Actor Encyclopedia attributes Tortoiseshell to Iran; country-level geo used for map pin.","unrated","needs-review","","ETDA Threat Actor Encyclopedia",""
"tracer-kitten","Tracer Kitten","","state-linked-theft","State-linked Theft","Iran","Tehran","35.6892","51.389","Country-level attribution pinned to capital","2020","Global","espionage; targeted intrusion; phishing","Conducting state-sponsored intrusion and espionage campaigns attributed to Iran.","ETDA Threat Actor Encyclopedia attributes Tracer Kitten to Iran; country-level geo used for map pin.","unrated","needs-review","","ETDA Threat Actor Encyclopedia",""
"tradertraitor","TraderTraitor","Jade Sleet; UNC4899","crypto-crime","Crypto Crime","North Korea","Pyongyang","39.0392","125.7625","Country-level attribution pinned to capital","2022","Global","blockchain theft; job lures; crypto firms","Targeting blockchain companies and exchanges with fake recruiting approaches, trojanized applications, and follow-on theft of private keys and digital assets.","A 2022 joint CISA, FBI, and Treasury advisory identifies TraderTraitor as North Korean state-sponsored activity used to steal cryptocurrency from blockchain organizations.","unrated","needs-review","","CISA / FBI / Treasury, Apr 2022",""
"transparent-tribe","Transparent Tribe","APT36; Mythic Leopard; ProjectM; COPPER FIELDSTONE","state-linked-theft","State-linked Theft","Pakistan","Islamabad","33.6844","73.0479","Country-level attribution pinned to capital","2013","Regional","South Asia; espionage; defense targeting","Conducting sustained espionage activity against diplomatic, defense, and research targets in India and Afghanistan through lures and custom malware.","MITRE ATT&CK describes Transparent Tribe as a suspected Pakistan-based threat group active since at least 2013, which this atlas maps to Islamabad at country level.","unrated","needs-review","","MITRE ATT&CK, updated Apr 2024",""
"traveling-spider","Traveling Spider","","state-linked-theft","State-linked Theft","Unknown","","","","No confirmed attribution","2019","Global","espionage; targeted intrusion; phishing","Conducting state-sponsored intrusion and espionage campaigns attributed to Unknown.","No confirmed national attribution published; classified as unknown origin pending further research.","unrated","needs-review","","ETDA Threat Actor Encyclopedia",""
"trickbot","TrickBot Group","Trickbot operators","access-brokerage","Access Brokerage","Russia","Moscow","55.7558","37.6173","Country-level attribution pinned to capital","2016","Global","malware platform; ransomware enablement","Running a malware ecosystem used to steal money, compromise networks, and hand access to ransomware crews.","Treasury and DOJ actions in 2023 described Trickbot as a Russia-based cybercrime group with links to Russian intelligence services.","unrated","needs-review","","U.S. Treasury / DOJ, Sep 2023",""
"tropic-trooper","Tropic Trooper","Pirate Panda; APT 23; KeyBoy","state-linked-theft","State-linked Theft","China","Beijing","39.9042","116.4074","Country-level attribution pinned to capital","2011","Global","espionage; targeted intrusion; phishing","Conducting state-sponsored intrusion and espionage campaigns attributed to China.","ETDA Threat Actor Encyclopedia attributes Tropic Trooper to China; country-level geo used for map pin.","unrated","needs-review","","ETDA Threat Actor Encyclopedia",""
"tropical-scorpius","Tropical Scorpius","RomCom","state-linked-theft","State-linked Theft","Russia","Moscow","55.7558","37.6173","Country-level attribution pinned to capital","2019","Global","espionage; targeted intrusion; phishing","Conducting state-sponsored intrusion and espionage campaigns attributed to Russia.","ETDA Threat Actor Encyclopedia attributes Tropical Scorpius to Russia; country-level geo used for map pin.","unrated","needs-review","","ETDA Threat Actor Encyclopedia",""
"turbine-panda","Turbine Panda","APT 26; Shell Crew; WebMasters; KungFu Kittens","state-linked-theft","State-linked Theft","China","Beijing","39.9042","116.4074","Country-level attribution pinned to capital","2010","Global","espionage; targeted intrusion; phishing","Conducting state-sponsored intrusion and espionage campaigns attributed to China.","ETDA Threat Actor Encyclopedia attributes Turbine Panda to China; country-level geo used for map pin.","unrated","needs-review","","ETDA Threat Actor Encyclopedia",""
"turla","Turla","Snake; Venomous Bear; Secret Blizzard","state-linked-theft","State-linked Theft","Russia","Moscow","55.7558","37.6173","Country-level attribution pinned to capital","2004","Global","FSB-linked; espionage","Sustained espionage operations against governments, diplomats, journalists, and defense-related targets over roughly two decades.","MITRE ATT&CK and DOJ reporting associate Turla with Russian state activity; the map uses Russia at country level and pins to Moscow.","unrated","needs-review","","MITRE ATT&CK / DOJ",""
"twisted-panda","Twisted Panda","","state-linked-theft","State-linked Theft","China","Beijing","39.9042","116.4074","Country-level attribution pinned to capital","2021","Global","espionage; targeted intrusion; phishing","Conducting state-sponsored intrusion and espionage campaigns attributed to China.","ETDA Threat Actor Encyclopedia attributes Twisted Panda to China; country-level geo used for map pin.","unrated","needs-review","","ETDA Threat Actor Encyclopedia",""
"ultrarank","UltraRank","","state-linked-theft","State-linked Theft","Unknown","","","","No confirmed attribution","2015","Global","espionage; targeted intrusion; phishing","Conducting state-sponsored intrusion and espionage campaigns attributed to Unknown.","No confirmed national attribution published; classified as unknown origin pending further research.","unrated","needs-review","","ETDA Threat Actor Encyclopedia",""
"unc1878","UNC1878","","state-linked-theft","State-linked Theft","Unknown","","","","No confirmed attribution","2020","Global","espionage; targeted intrusion; phishing","Conducting state-sponsored intrusion and espionage campaigns attributed to Unknown.","No confirmed national attribution published; classified as unknown origin pending further research.","unrated","needs-review","","ETDA Threat Actor Encyclopedia",""
"unc215","UNC215","","state-linked-theft","State-linked Theft","China","Beijing","39.9042","116.4074","Country-level attribution pinned to capital","2019","Global","espionage; targeted intrusion; phishing","Conducting state-sponsored intrusion and espionage campaigns attributed to China.","ETDA Threat Actor Encyclopedia attributes UNC215 to China; country-level geo used for map pin.","unrated","needs-review","","ETDA Threat Actor Encyclopedia",""
"unc2447","UNC2447","","state-linked-theft","State-linked Theft","Unknown","","","","No confirmed attribution","2020","Global","espionage; targeted intrusion; phishing","Conducting state-sponsored intrusion and espionage campaigns attributed to Unknown.","No confirmed national attribution published; classified as unknown origin pending further research.","unrated","needs-review","","ETDA Threat Actor Encyclopedia",""
"unc2891","UNC2891","","state-linked-theft","State-linked Theft","Unknown","","","","No confirmed attribution","2020","Global","espionage; targeted intrusion; phishing","Conducting state-sponsored intrusion and espionage campaigns attributed to Unknown.","No confirmed national attribution published; classified as unknown origin pending further research.","unrated","needs-review","","ETDA Threat Actor Encyclopedia",""
"unc3886","UNC3886","","state-linked-theft","State-linked Theft","China","Beijing","39.9042","116.4074","Country-level attribution pinned to capital","2021","Global","espionage; targeted intrusion; phishing","Conducting state-sponsored intrusion and espionage campaigns attributed to China.","ETDA Threat Actor Encyclopedia attributes UNC3886 to China; country-level geo used for map pin.","unrated","needs-review","","ETDA Threat Actor Encyclopedia",""
"unc4191","UNC4191","","state-linked-theft","State-linked Theft","China","Beijing","39.9042","116.4074","Country-level attribution pinned to capital","2022","Global","espionage; targeted intrusion; phishing","Conducting state-sponsored intrusion and espionage campaigns attributed to China.","ETDA Threat Actor Encyclopedia attributes UNC4191 to China; country-level geo used for map pin.","unrated","needs-review","","ETDA Threat Actor Encyclopedia",""
"unc5221","UNC5221","UTA0178","state-linked-theft","State-linked Theft","China","Beijing","39.9042","116.4074","Country-level attribution pinned to capital","2022","Global","espionage; targeted intrusion; phishing","Conducting state-sponsored intrusion and espionage campaigns attributed to China.","ETDA Threat Actor Encyclopedia attributes UNC5221 to China; country-level geo used for map pin.","unrated","needs-review","","ETDA Threat Actor Encyclopedia",""
"unc5537","UNC5537","","cybercrime","Cybercrime","Unknown","","","","Multi-country membership reported; no defensible fixed origin","2024","Global","credential theft; cloud data theft; extortion; Snowflake","Compromising Snowflake customer instances with previously stolen credentials, stealing data, and attempting to extort affected organizations.","Mandiant describes UNC5537 as financially motivated and assesses that it includes members based in North America who collaborate with a member in Turkey. That reporting does not support a Canadian state attribution or a single-country map pin.","high","reviewed","2026-09-09","Mandiant, Jun 2024","https://cloud.google.com/blog/topics/threat-intelligence/unc5537-snowflake-data-theft-extortion"
"unfading-sea-haze","Unfading Sea Haze","","hacktivist","Hacktivist","China","Beijing","39.9042","116.4074","Country-level attribution pinned to capital","2018","Global","hacktivism; disruption; defacement","Carrying out politically motivated disruptions, defacements, and data leak operations.","ETDA Threat Actor Encyclopedia attributes Unfading Sea Haze to China; country-level geo used for map pin.","unrated","needs-review","","ETDA Threat Actor Encyclopedia",""
"unit-42","Unit 42","","white-hat","White Hat","United States","Santa Clara","37.3541","-121.9552","City-level attribution from public reporting","2014","Global","threat intelligence; incident response; consulting","Publishing influential adversary tracking, malware analysis, and incident response reporting while supporting frontline breach investigations.","Palo Alto Networks describes Unit 42 as its threat intelligence and security consulting organization; the pin uses Palo Alto Networks' Santa Clara headquarters.","unrated","needs-review","","Palo Alto Networks",""
"urpage","Urpage","","state-linked-theft","State-linked Theft","Middle East","","","","Regional attribution only","2018","Regional","espionage; targeted intrusion; phishing","Conducting state-sponsored intrusion and espionage campaigns attributed to Middle East.","No confirmed national attribution published; classified as unknown origin pending further research.","unrated","needs-review","","ETDA Threat Actor Encyclopedia",""
"vadokrist","Vadokrist","","banking-theft","Banking Theft","Brazil","Brasilia","-15.7939","-47.8828","Country-level attribution pinned to capital","2018","Regional","banking trojan; Brazil-focused","Targeting Brazilian financial institutions through spam-delivered malware with backdoor functionality and shared Latin American banking-trojan tradecraft.","ESET reported Vadokrist as specifically focused on Brazil and grouped it with other regional banking-trojan operators.","unrated","needs-review","","ESET, Jan 2021",""
"velvet-ant","Velvet Ant","","state-linked-theft","State-linked Theft","China","Beijing","39.9042","116.4074","Country-level attribution pinned to capital","2023","Global","espionage; targeted intrusion; phishing","Conducting state-sponsored intrusion and espionage campaigns attributed to China.","ETDA Threat Actor Encyclopedia attributes Velvet Ant to China; country-level geo used for map pin.","unrated","needs-review","","ETDA Threat Actor Encyclopedia",""
"vendetta","Vendetta","TA2719","state-linked-theft","State-linked Theft","Turkey","Ankara","39.9334","32.8597","Country-level attribution pinned to capital","2020","Global","espionage; targeted intrusion; phishing","Conducting state-sponsored intrusion and espionage campaigns attributed to Turkey.","ETDA Threat Actor Encyclopedia attributes Vendetta to Turkey; country-level geo used for map pin.","unrated","needs-review","","ETDA Threat Actor Encyclopedia",""
"venom-spider","Venom Spider","Golden Chickens","state-linked-theft","State-linked Theft","Russia","Moscow","55.7558","37.6173","Country-level attribution pinned to capital","2017","Global","espionage; targeted intrusion; phishing","Conducting state-sponsored intrusion and espionage campaigns attributed to Russia.","ETDA Threat Actor Encyclopedia attributes Venom Spider to Russia; country-level geo used for map pin.","unrated","needs-review","","ETDA Threat Actor Encyclopedia",""
"vicious-panda","Vicious Panda","","state-linked-theft","State-linked Theft","China","Beijing","39.9042","116.4074","Country-level attribution pinned to capital","2015","Global","espionage; targeted intrusion; phishing","Conducting state-sponsored intrusion and espionage campaigns attributed to China.","ETDA Threat Actor Encyclopedia attributes Vicious Panda to China; country-level geo used for map pin.","unrated","needs-review","","ETDA Threat Actor Encyclopedia",""
"viking-spider","Viking Spider","","ransomware","Ransomware","Unknown","","","","No confirmed attribution","2019","Global","ransomware; double extortion; RaaS","Operating ransomware campaigns and extortion operations against enterprise and critical-sector victims.","No confirmed national attribution published; classified as unknown origin pending further research.","unrated","needs-review","","ETDA Threat Actor Encyclopedia",""
"void-arachne","Void Arachne","","state-linked-theft","State-linked Theft","China","Beijing","39.9042","116.4074","Country-level attribution pinned to capital","2024","Global","espionage; targeted intrusion; phishing","Conducting state-sponsored intrusion and espionage campaigns attributed to China.","ETDA Threat Actor Encyclopedia attributes Void Arachne to China; country-level geo used for map pin.","unrated","needs-review","","ETDA Threat Actor Encyclopedia",""
"void-balaur","Void Balaur","","state-linked-theft","State-linked Theft","Unknown","","","","No confirmed attribution","2017","Global","espionage; targeted intrusion; phishing","Conducting state-sponsored intrusion and espionage campaigns attributed to Unknown.","No confirmed national attribution published; classified as unknown origin pending further research.","unrated","needs-review","","ETDA Threat Actor Encyclopedia",""
"void-blizzard","Void Blizzard","","state-linked-theft","State-linked Theft","Russia","Moscow","55.7558","37.6173","Country-level attribution pinned to capital","2024","Global","espionage; targeted intrusion; phishing","Conducting state-sponsored intrusion and espionage campaigns attributed to Russia.","ETDA Threat Actor Encyclopedia attributes Void Blizzard to Russia; country-level geo used for map pin.","unrated","needs-review","","ETDA Threat Actor Encyclopedia",""
"volatile-cedar","Volatile Cedar","Lebanese Cedar","hacktivist","Hacktivist","Lebanon","Beirut","33.8938","35.5018","Country-level attribution pinned to capital","2012","Global","political; web intrusion","Targeting institutions and private organizations through web compromise and politically motivated intrusion campaigns.","MITRE ATT&CK describes Volatile Cedar as a Lebanese threat group motivated by political and ideological interests.","unrated","needs-review","","MITRE ATT&CK, updated Apr 2025",""
"volt-typhoon","Volt Typhoon","","state-linked-theft","State-linked Theft","China","Beijing","39.9042","116.4074","Country-level attribution pinned to capital","2020","Global","espionage; targeted intrusion; phishing","Conducting state-sponsored intrusion and espionage campaigns attributed to China.","ETDA Threat Actor Encyclopedia attributes Volt Typhoon to China; country-level geo used for map pin.","unrated","needs-review","","ETDA Threat Actor Encyclopedia",""
"wassonite","Wassonite","","state-linked-theft","State-linked Theft","North Korea","Pyongyang","39.0392","125.7625","Country-level attribution pinned to capital","2018","Global","espionage; targeted intrusion; phishing","Conducting state-sponsored intrusion and espionage campaigns attributed to North Korea.","ETDA Threat Actor Encyclopedia attributes Wassonite to North Korea; country-level geo used for map pin.","unrated","needs-review","","ETDA Threat Actor Encyclopedia",""
"whitefly","Whitefly","Mofang","state-linked-theft","State-linked Theft","Unknown","","","","No confirmed attribution","2012","Global","espionage; targeted intrusion; phishing","Conducting state-sponsored intrusion and espionage campaigns attributed to Unknown.","No confirmed national attribution published; classified as unknown origin pending further research.","unrated","needs-review","","ETDA Threat Actor Encyclopedia",""
"wicked-spider","Wicked Spider","APT 22","state-linked-theft","State-linked Theft","China","Beijing","39.9042","116.4074","Country-level attribution pinned to capital","2018","Global","espionage; targeted intrusion; phishing","Conducting state-sponsored intrusion and espionage campaigns attributed to China.","ETDA Threat Actor Encyclopedia attributes Wicked Spider to China; country-level geo used for map pin.","unrated","needs-review","","ETDA Threat Actor Encyclopedia",""
"wildcard","WildCard","","state-linked-theft","State-linked Theft","Unknown","","","","No confirmed attribution","2021","Global","espionage; targeted intrusion; phishing","Conducting state-sponsored intrusion and espionage campaigns attributed to Unknown.","No confirmed national attribution published; classified as unknown origin pending further research.","unrated","needs-review","","ETDA Threat Actor Encyclopedia",""
"wildpressure","WildPressure","","state-linked-theft","State-linked Theft","Unknown","","","","No confirmed attribution","2019","Global","espionage; targeted intrusion; phishing","Conducting state-sponsored intrusion and espionage campaigns attributed to Unknown.","No confirmed national attribution published; classified as unknown origin pending further research.","unrated","needs-review","","ETDA Threat Actor Encyclopedia",""
"windshift","WindShift","","state-linked-theft","State-linked Theft","Unknown","","","","No confirmed attribution","2018","Global","espionage; targeted intrusion; phishing","Conducting state-sponsored intrusion and espionage campaigns attributed to Unknown.","No confirmed national attribution published; classified as unknown origin pending further research.","unrated","needs-review","","ETDA Threat Actor Encyclopedia",""
"winter-vivern","Winter Vivern","","state-linked-theft","State-linked Theft","Unknown","","","","No confirmed attribution","2020","Global","espionage; targeted intrusion; phishing","Conducting state-sponsored intrusion and espionage campaigns attributed to Unknown.","No confirmed national attribution published; classified as unknown origin pending further research.","unrated","needs-review","","ETDA Threat Actor Encyclopedia",""
"wip26","WIP26","","state-linked-theft","State-linked Theft","Unknown","","","","No confirmed attribution","2022","Global","espionage; targeted intrusion; phishing","Conducting state-sponsored intrusion and espionage campaigns attributed to Unknown.","No confirmed national attribution published; classified as unknown origin pending further research.","unrated","needs-review","","ETDA Threat Actor Encyclopedia",""
"wirte-group","WIRTE Group","","state-linked-theft","State-linked Theft","Middle East","","","","Regional attribution only","2018","Regional","espionage; targeted intrusion; phishing","Conducting state-sponsored intrusion and espionage campaigns attributed to Middle East.","No confirmed national attribution published; classified as unknown origin pending further research.","unrated","needs-review","","ETDA Threat Actor Encyclopedia",""
"wizard-spider","Wizard Spider","GOLD BLACKBURN; Grim Spider; FIN12","ransomware","Ransomware","Russia","Moscow","55.7558","37.6173","Country-level attribution pinned to capital","2016","Global","TrickBot; Ryuk; Conti","Building the TrickBot ecosystem and running major ransomware campaigns against hospitals, enterprises, and public-sector targets.","MITRE ATT&CK tracks Wizard Spider as a Russia-based financially motivated threat group.","unrated","needs-review","","MITRE ATT&CK, updated Mar 2025",""
"worok","Worok","","state-linked-theft","State-linked Theft","China","Beijing","39.9042","116.4074","Country-level attribution pinned to capital","2020","Global","espionage; targeted intrusion; phishing","Conducting state-sponsored intrusion and espionage campaigns attributed to China.","ETDA Threat Actor Encyclopedia attributes Worok to China; country-level geo used for map pin.","unrated","needs-review","","ETDA Threat Actor Encyclopedia",""
"xdspy","XDSpy","","state-linked-theft","State-linked Theft","Unknown","","","","No confirmed attribution","2011","Global","espionage; targeted intrusion; phishing","Conducting state-sponsored intrusion and espionage campaigns attributed to Unknown.","No confirmed national attribution published; classified as unknown origin pending further research.","unrated","needs-review","","ETDA Threat Actor Encyclopedia",""
"xenotime","Xenotime","TEMP.Veles; TRITON actors","state-linked-theft","State-linked Theft","Russia","Moscow","55.7558","37.6173","Country-level attribution pinned to capital","2014","Global","ICS attacks; safety system sabotage; energy targeting; TRITON malware","Deploying the TRITON/TRISIS malware against safety instrumented systems at a Saudi Arabian petrochemical facility — the first publicly known attack designed to disable industrial safety controls and potentially cause catastrophic physical damage.","Mandiant/FireEye and the U.S. government attributed Xenotime to the Central Scientific Research Institute of Chemistry and Mechanics (CNIIHM), a Russian government-owned technical research institute in Moscow.","unrated","needs-review","","Mandiant / CISA / DOE, 2018–2022",""
"xhunt","xHunt","","state-linked-theft","State-linked Theft","Iran","Tehran","35.6892","51.389","Country-level attribution pinned to capital","2018","Global","espionage; targeted intrusion; phishing","Conducting state-sponsored intrusion and espionage campaigns attributed to Iran.","ETDA Threat Actor Encyclopedia attributes xHunt to Iran; country-level geo used for map pin.","unrated","needs-review","","ETDA Threat Actor Encyclopedia",""
"yanbian-gang","Yanbian Gang","","crypto-crime","Crypto Crime","China","Beijing","39.9042","116.4074","Country-level attribution pinned to capital","2013","Global","cryptomining; financial theft","Targeting cryptocurrency platforms and mining infrastructure for financial gain.","ETDA Threat Actor Encyclopedia attributes Yanbian Gang to China; country-level geo used for map pin.","unrated","needs-review","","ETDA Threat Actor Encyclopedia",""
"yingmob","Yingmob","","crypto-crime","Crypto Crime","China","Beijing","39.9042","116.4074","Country-level attribution pinned to capital","2016","Global","cryptomining; financial theft","Targeting cryptocurrency platforms and mining infrastructure for financial gain.","ETDA Threat Actor Encyclopedia attributes Yingmob to China; country-level geo used for map pin.","unrated","needs-review","","ETDA Threat Actor Encyclopedia",""
"yorotrooper","YoroTrooper","","state-linked-theft","State-linked Theft","Kazakhstan","Astana","51.1801","71.446","Country-level attribution pinned to capital","2022","Regional","espionage; targeted intrusion; phishing","Conducting state-sponsored intrusion and espionage campaigns attributed to Kazakhstan.","ETDA Threat Actor Encyclopedia attributes YoroTrooper to Kazakhstan; country-level geo used for map pin.","unrated","needs-review","","ETDA Threat Actor Encyclopedia",""
"zombie-spider","Zombie Spider","","ransomware","Ransomware","Russia","Moscow","55.7558","37.6173","Country-level attribution pinned to capital","2010","Global","ransomware; double extortion; RaaS","Operating ransomware campaigns and extortion operations against enterprise and critical-sector victims.","ETDA Threat Actor Encyclopedia attributes Zombie Spider to Russia; country-level geo used for map pin.","unrated","needs-review","","ETDA Threat Actor Encyclopedia",""
"zoopark","ZooPark","","state-linked-theft","State-linked Theft","Unknown","","","","No confirmed attribution","2015","Global","espionage; targeted intrusion; phishing","Conducting state-sponsored intrusion and espionage campaigns attributed to Unknown.","No confirmed national attribution published; classified as unknown origin pending further research.","unrated","needs-review","","ETDA Threat Actor Encyclopedia",""
